VENDOR_CODE,DELIVERY_PERIOD,DP_TYPE,ACT_ISS_DT,ITEM,ORDER_QTY,UOM,UNIT_PRICE
E009,0,Years,03-05-00,ITEM2,48,NOS,142
T040,0,Years,21-08-01,ITEM2,1194,NOS,80
D111,0,Years,20-11-01,ITEM2,876,NOS,77
F130,0,Years,11-04-02,ITEM2,2543,NOS,70
T040,0,Years,29-05-02,ITEM2,2888,NOS,69
F130,0,Years,01-08-02,ITEM2,931,NOS,70
T040,0,Years,16-10-02,ITEM2,829,NOS,74
T040,0,Years,08-01-03,ITEM2,825,NOS,72
T040,0,Years,30-01-03,ITEM2,372,NOS,73
T050,3,Months,06-03-03,ITEM2,693,NOS,80
D111,6,Weeks,17-05-03,ITEM2,223,NOS,81
D111,12,Weeks,01-07-03,ITEM2,377,NOS,81
T040,6,Weeks,04-07-03,ITEM2,232,NOS,80
D111,12,Weeks,06-08-03,ITEM2,377,NOS,81
T040,6,Weeks,18-08-03,ITEM2,551,NOS,70
S265,6,Months,02-09-03,ITEM2,2000,NOS,71
D111,3,Months,16-09-03,ITEM2,677,NOS,69
S265,4,Months,03-11-03,ITEM2,233,NOS,69
S265,4,Months,03-11-03,ITEM2,347,NOS,69
D111,6,Months,05-11-03,ITEM2,1500,NOS,63
S265,6,Months,17-11-03,ITEM2,140,NOS,69
D111,8,Weeks,28-11-03,ITEM2,190,NOS,74
D111,6,Months,12-01-04,ITEM2,1212,NOS,63
D111,8,Weeks,16-01-04,ITEM2,147,NOS,74
S265,4,Months,21-01-04,ITEM2,33,NOS,68.648
T040,12,Weeks,15-03-04,ITEM2,189,NOS,95
T040,6,Weeks,19-03-04,ITEM2,163,NOS,140
T040,12,Weeks,02-04-04,ITEM2,124,NOS,110
T040,3,Months,21-04-04,ITEM2,572,NOS,107
C041,12,Weeks,05-05-04,ITEM2,218,NOS,124
C041,12,Weeks,05-05-04,ITEM2,323,NOS,125
C041,12,Weeks,26-05-04,ITEM2,17,NOS,130
A225,6,Weeks,25-06-04,ITEM2,80,NOS,125
N003,3,Months,23-07-04,ITEM2,290,NOS,95
E009,9,Weeks,02-08-04,ITEM2,48,NOS,175
T040,14,Weeks,26-08-04,ITEM2,189,NOS,138
~5121,4,Months,01-09-04,ITEM2,247,NOS,1.4
T040,2,Months,02-09-04,ITEM2,31,NOS,150
N003,9,Weeks,15-09-04,ITEM2,287,NOS,87
~5121,6,Weeks,30-09-04,ITEM2,236,NOS,2.05
~5121,6,Weeks,30-09-04,ITEM2,65,NOS,2.05
A225,1,Weeks,01-10-04,ITEM2,284,NOS,180
P686,4,Weeks,06-10-04,ITEM2,146,NOS,1.9
T040,3,Months,05-11-04,ITEM2,1353,NOS,144
N003,3,Months,07-12-04,ITEM2,212,NOS,120
N003,3,Months,07-12-04,ITEM2,337,NOS,120
T040,12,Weeks,19-01-05,ITEM2,45,NOS,150
T040A,3,Months,28-01-05,ITEM2,272,NOS,115
T040,8,Weeks,31-01-05,ITEM2,43,NOS,150
T040,8,Weeks,19-02-05,ITEM2,60,NOS,150
M057,14,Weeks,24-02-05,ITEM2,188,NOS,158.65
T040,2,Months,09-03-05,ITEM2,26,NOS,125
T040,9,Weeks,11-03-05,ITEM2,227,NOS,118
T040,6,Weeks,22-03-05,ITEM2,20,NOS,160
T040,6,Weeks,22-03-05,ITEM2,50,NOS,160
T040,10,Weeks,07-04-05,ITEM2,6,NOS,145
T019,4,Months,15-04-05,ITEM2,0,NOS,300
T040,10,Weeks,19-04-05,ITEM2,200,NOS,210
T040,1,Months,10-05-05,ITEM2,30,NOS,160
T040,4,Months,06-06-05,ITEM2,1987,NOS,160
T040,10,Weeks,17-06-05,ITEM2,43,NOS,200
T040,4,Weeks,14-07-05,ITEM2,13,NOS,180
T040,1,Months,26-07-05,ITEM2,97,NOS,118
M057,4,Weeks,29-08-05,ITEM2,12,NOS,175
T040,9,Weeks,31-08-05,ITEM2,326,NOS,160
T040,3,Months,05-09-05,ITEM2,2271,NOS,160
T040,3,Weeks,06-10-05,ITEM2,44,NOS,190
S420,2,Months,09-11-05,ITEM2,31,NOS,126
E009,5,Months,15-12-05,ITEM2,2159,NOS,210
T040,3,Months,17-02-06,ITEM2,1783,NOS,160
M057,4,Months,27-03-06,ITEM2,59,NOS,161.04
M057,2,Weeks,28-04-06,ITEM2,50,NOS,184
M057,4,Months,03-05-06,ITEM2,191,NOS,183
T040,6,Weeks,12-05-06,ITEM2,8,NOS,207
M057,12,Weeks,30-05-06,ITEM2,12,NOS,183
E009,5,Months,17-07-06,ITEM2,225,NOS,210
P686,14,Weeks,25-08-06,ITEM2,935,NOS,1.29
T040,12,Weeks,31-08-06,ITEM2,193,NOS,153
T040,6,Months,28-09-06,ITEM2,4000,NOS,144
E188,5,Months,13-11-06,ITEM2,1102,NOS,130
T040,3,Months,08-05-07,ITEM2,112,NOS,153
T040,16,Weeks,19-06-07,ITEM2,454,NOS,160
C209,6,Months,27-06-07,ITEM2,755,NOS,135
E188,5,Months,10-07-07,ITEM2,89,NOS,130
T040,4,Months,18-08-07,ITEM2,98,NOS,145
E188,12,Weeks,07-09-07,ITEM2,463,NOS,145
T040,3,Months,08-09-07,ITEM2,1524,NOS,150
C209,4,Months,24-09-07,ITEM2,19,NOS,185
T040,4,Months,28-09-07,ITEM2,243,NOS,145
C209,6,Months,27-10-07,ITEM2,200,NOS,135
E188,3,Months,10-01-08,ITEM2,754,NOS,140
S046,3,Months,11-01-08,ITEM2,126,NOS,139
T040,2,Months,23-01-08,ITEM2,12,NOS,250
T040,4,Months,31-01-08,ITEM2,3984,NOS,145
M057,2,Months,15-03-08,ITEM2,1,NOS,175
M057,5,Months,11-04-08,ITEM2,182,NOS,159
P686,3,Months,01-05-08,ITEM2,356,NOS,2.86
M057,4,Weeks,07-06-08,ITEM2,246,NOS,201
T040,3,Months,19-06-08,ITEM2,414,NOS,180
S046,3,Months,19-06-08,ITEM2,790,NOS,130
T040,6,Months,24-06-08,ITEM2,4012,NOS,179.1
P275,4,Months,02-07-08,ITEM2,32,NOS,111
P686,12,Weeks,10-07-08,ITEM2,18,NOS,2.86
M057,1,Months,18-07-08,ITEM2,2,NOS,210
M057,16,Weeks,31-07-08,ITEM2,798,NOS,175
I594,3,Months,19-08-08,ITEM2,357,NOS,3
S046,3,Months,05-09-08,ITEM2,68,NOS,185
S046,4,Months,12-09-08,ITEM2,1195,NOS,185
A225,4,Months,13-09-08,ITEM2,55,NOS,240
A225,12,Weeks,03-10-08,ITEM2,18,NOS,190
T019,4,Months,22-10-08,ITEM2,380,NOS,150
E188,5,Months,15-11-08,ITEM2,196,NOS,159.25
P686,2,Months,20-11-08,ITEM2,103,NOS,3.03
T040,3,Months,05-01-09,ITEM2,400,NOS,175
S046,3,Months,20-01-09,ITEM2,57,NOS,182
M057,8,Weeks,03-02-09,ITEM2,46,NOS,210
G125,4,Months,03-02-09,ITEM2,74,NOS,172
A225,8,Weeks,10-02-09,ITEM2,62,NOS,240
T040,8,Months,14-02-09,ITEM2,2300,NOS,180
M057,4,Weeks,18-02-09,ITEM2,100,NOS,175
I594,3,Months,27-02-09,ITEM2,1179,NOS,2.13
E188,5,Months,02-03-09,ITEM2,196,NOS,159.25
E188,4,Months,05-03-09,ITEM2,185,NOS,162
S046,6,Months,13-03-09,ITEM2,38,NOS,115
S046,3,Months,27-03-09,ITEM2,164,NOS,123
S046,3,Months,01-04-09,ITEM2,81,NOS,119
S046,3,Months,06-04-09,ITEM2,1012,NOS,127
S046,4,Months,07-04-09,ITEM2,1199,NOS,98
M057,12,Weeks,07-05-09,ITEM2,100,NOS,175
S046,5,Months,08-05-09,ITEM2,210,NOS,124
S046,3,Weeks,19-05-09,ITEM2,147,NOS,143
S046,3,Months,22-05-09,ITEM2,762,NOS,96
S046,4,Months,04-06-09,ITEM2,55,NOS,117
I594,2,Months,06-07-09,ITEM2,860,NOS,2
S046,3,Months,10-07-09,ITEM2,200,NOS,109
D111,12,Weeks,10-07-09,ITEM2,40,NOS,109
T019,6,Weeks,23-07-09,ITEM2,32,NOS,125
S046,12,Weeks,04-08-09,ITEM2,6097,NOS,90.47
T040,4,Months,07-08-09,ITEM2,1054,NOS,150
M057,3,Weeks,21-08-09,ITEM2,111,NOS,175
M057,3,Weeks,28-08-09,ITEM2,103,NOS,175
T040,3,Months,31-08-09,ITEM2,10,NOS,180
D111,10,Weeks,19-09-09,ITEM2,196,NOS,124
T040,3,Months,30-09-09,ITEM2,205,NOS,162
M057,4,Months,22-10-09,ITEM2,154,NOS,175
D111,2,Months,23-10-09,ITEM2,69,NOS,109
M057,2,Weeks,30-10-09,ITEM2,42,NOS,175
T019,2,Weeks,09-11-09,ITEM2,20,NOS,150
D111,4,Months,09-11-09,ITEM2,20,NOS,100
S046,3,Months,27-11-09,ITEM2,4046,NOS,92.7
M057,1,Weeks,30-11-09,ITEM2,125,NOS,158
D111,5,Weeks,18-12-09,ITEM2,178,NOS,109
S046,5,Months,19-12-09,ITEM2,81,NOS,100
C209,3,Weeks,23-12-09,ITEM2,32,NOS,285
S265,7,Days,20-01-10,ITEM2,30,NOS,275
M057,2,Weeks,23-01-10,ITEM2,75,NOS,158
T040,3,Months,27-01-10,ITEM2,75,NOS,145
D111,4,Months,28-01-10,ITEM2,71,NOS,100
S046,4,Weeks,12-03-10,ITEM2,46,NOS,118
S046,3,Months,19-03-10,ITEM2,1243,NOS,96
D111,15,Weeks,22-03-10,ITEM2,764,NOS,99
D111,15,Weeks,26-03-10,ITEM2,170,NOS,105
T040,4,Months,26-03-10,ITEM2,33,NOS,180
D111,4,Months,29-03-10,ITEM2,20,NOS,100
D111,4,Months,29-03-10,ITEM2,68,NOS,100
T040,5,Weeks,05-04-10,ITEM2,24,NOS,150
T040,8,Weeks,21-04-10,ITEM2,0,NOS,160
D111,4,Weeks,13-05-10,ITEM2,7,NOS,137
S046,2,Months,17-05-10,ITEM2,300,NOS,120
T040,2,Months,18-05-10,ITEM2,882,NOS,165
T040,2,Months,21-05-10,ITEM2,294,NOS,135
P275,2,Weeks,26-05-10,ITEM2,39,NOS,165
P686,8,Weeks,14-06-10,ITEM2,11,NOS,1.99
S046,5,Months,02-07-10,ITEM2,116,NOS,112
P686,8,Weeks,14-07-10,ITEM2,2,NOS,1.99
S046,3,Months,27-07-10,ITEM2,35,NOS,127
T040,2,Months,02-08-10,ITEM2,0,NOS,162
M057,1,Weeks,03-08-10,ITEM2,0,NOS,158
S046,4,Months,06-08-10,ITEM2,711,NOS,119
P315,5,Months,10-08-10,ITEM2,4599,NOS,97
T040,5,Weeks,02-09-10,ITEM2,520,NOS,160
P315,12,Weeks,01-10-10,ITEM2,8,NOS,145
H644,3,Months,10-02-11,ITEM2,941,NOS,1.48
S046,6,Months,11-02-11,ITEM2,179,NOS,118
H644,5,Months,18-02-11,ITEM2,341,NOS,1.47
T040,3,Months,14-03-11,ITEM2,315,NOS,135
S046,4,Months,07-04-11,ITEM2,254,NOS,109
T226,5,Months,03-05-11,ITEM2,418,NOS,120
T040,1,Weeks,16-05-11,ITEM2,332,NOS,514.5
T221,0,Months,17-05-11,ITEM2,0,NOS,156
T040,5,Months,01-06-11,ITEM2,1407,NOS,125
T019,8,Weeks,07-06-11,ITEM2,194,NOS,200
M057,1,Weeks,15-06-11,ITEM2,9,NOS,175
M057,10,Days,04-07-11,ITEM2,13,NOS,175
S046,6,Months,06-07-11,ITEM2,179,NOS,118
T226,10,Days,15-07-11,ITEM2,24,NOS,240
M057,4,Weeks,26-07-11,ITEM2,24,NOS,175
H644,3,Months,03-08-11,ITEM2,55,NOS,2.79
T040,16,Weeks,08-08-11,ITEM2,585,NOS,135
D111,6,Months,15-09-11,ITEM2,17,NOS,137
D111,4,Months,23-09-11,ITEM2,46,NOS,137
T040,3,Months,26-09-11,ITEM2,2918,NOS,135
T226,0,Days,13-10-11,ITEM2,0,NOS,150
T040,4,Months,21-10-11,ITEM2,6,NOS,185
T040,4,Months,25-10-11,ITEM2,200,NOS,135
I594,12,Weeks,04-11-11,ITEM2,468,NOS,2
T221,4,Weeks,07-11-11,ITEM2,411,NOS,139
D111,4,Months,17-11-11,ITEM2,755,NOS,137
T221,2,Months,14-12-11,ITEM2,20,NOS,132
T040,4,Months,21-12-11,ITEM2,161,NOS,165
T221,4,Months,25-01-12,ITEM2,154,NOS,153
G125,5,Weeks,25-01-12,ITEM2,3,NOS,225
T040,4,Months,06-02-12,ITEM2,161,NOS,165
T040,3,Months,07-03-12,ITEM2,240,NOS,145
I594,12,Weeks,21-03-12,ITEM2,45,NOS,1.95
T221,16,Weeks,30-03-12,ITEM2,261,NOS,148
D111,5,Months,03-04-12,ITEM2,1296,NOS,137
T221,0,Months,18-04-12,ITEM2,0,NOS,145
T040,3,Months,02-05-12,ITEM2,127,NOS,145
T226,5,Months,16-05-12,ITEM2,1176,NOS,165
T226,8,Weeks,06-06-12,ITEM2,283,NOS,400
T040,3,Months,13-07-12,ITEM2,103,NOS,145
T040,3,Months,09-08-12,ITEM2,101,NOS,145
P315,3,Weeks,13-08-12,ITEM2,5,NOS,203
M057,6,Weeks,29-08-12,ITEM2,18,NOS,201
M057,15,Days,30-08-12,ITEM2,5,NOS,201
S265,2,Months,07-09-12,ITEM2,191,NOS,190
D111,5,Months,07-09-12,ITEM2,428,NOS,137
S265,2,Months,11-10-12,ITEM2,51,NOS,190
T040,3,Months,18-10-12,ITEM2,280,NOS,155
T221,14,Weeks,29-10-12,ITEM2,231,NOS,150
T040,10,Weeks,31-10-12,ITEM2,19,NOS,165
S265,4,Months,24-11-12,ITEM2,6281,NOS,160
T221,10,Weeks,16-01-13,ITEM2,51,NOS,139
T040,3,Months,08-02-13,ITEM2,57,NOS,155
T226,10,Weeks,13-02-13,ITEM2,263,NOS,125
E188,3,Months,15-02-13,ITEM2,407,NOS,128
T040,6,Months,26-02-13,ITEM2,2644,NOS,135
T019,1,Months,23-03-13,ITEM2,10,NOS,250
T040,10,Weeks,12-04-13,ITEM2,31,NOS,160
M057,6,Weeks,18-04-13,ITEM2,62,NOS,201
E188,3,Months,22-04-13,ITEM2,203,NOS,128
M057,8,Weeks,26-04-13,ITEM2,10,NOS,201
M057,4,Weeks,10-05-13,ITEM2,64,NOS,201
C209,6,Weeks,14-05-13,ITEM2,50,NOS,5.7
T221,3,Months,19-06-13,ITEM2,220,NOS,157
D111,20,Weeks,20-06-13,ITEM2,22,NOS,164
T221,20,Weeks,20-06-13,ITEM2,6,NOS,153.77
G125,15,Days,05-08-13,ITEM2,140,NOS,171
T221,10,Weeks,08-08-13,ITEM2,235,NOS,139
T221,6,Weeks,27-08-13,ITEM2,100,NOS,140
E188,12,Weeks,04-09-13,ITEM2,1113,NOS,128
E188,4,Months,04-09-13,ITEM2,4162,NOS,91
E188,3,Weeks,10-09-13,ITEM2,23,NOS,142
E188,4,Weeks,20-09-13,ITEM2,19,NOS,161
T040,10,Weeks,26-09-13,ITEM2,278,NOS,148
T221,15,Days,16-10-13,ITEM2,141,NOS,188
E188,4,Weeks,14-11-13,ITEM2,127,NOS,152
E188,3,Weeks,29-11-13,ITEM2,19,NOS,191
D111,4,Months,31-12-13,ITEM2,2164,NOS,109
T221,3,Months,01-01-14,ITEM2,19,NOS,157
E188,4,Months,03-01-14,ITEM2,2256,NOS,133
T040,4,Months,22-01-14,ITEM2,15,NOS,140
T221,3,Months,02-04-14,ITEM2,20,NOS,175
E188,3,Months,02-04-14,ITEM2,4,NOS,190.4
P315,2,Months,07-05-14,ITEM2,1253,NOS,130
P315,3,Months,26-05-14,ITEM2,1244,NOS,135
E188,3,Months,27-06-14,ITEM2,1500,NOS,158
Y634,1,Months,19-08-14,ITEM2,249,NOS,3.71
D111,4,Months,19-08-14,ITEM2,2164,NOS,109
E188,5,Months,21-08-14,ITEM2,110,NOS,198
C209,2,Weeks,18-09-14,ITEM2,100,NOS,289
E188,3,Months,07-10-14,ITEM2,15,NOS,176.96
D111,3,Months,17-10-14,ITEM2,2303,NOS,137
C209,4,Months,07-11-14,ITEM2,1133,NOS,190
E188,4,Months,15-11-14,ITEM2,106,NOS,133
M057,10,Days,29-12-14,ITEM2,75,NOS,156
P315,3,Months,03-01-15,ITEM2,1244,NOS,135
E188,2,Weeks,06-01-15,ITEM2,40,NOS,251
C209,4,Months,06-02-15,ITEM2,637,NOS,190
S102,6,Months,11-02-15,ITEM2,15,NOS,180
C209,10,Days,16-03-15,ITEM2,50,NOS,855
D111,3,Months,16-03-15,ITEM2,1188,NOS,137
T221,4,Months,31-03-15,ITEM2,487,NOS,169
P686,4,Months,08-04-15,ITEM2,115,NOS,2.78
P340,2,Weeks,09-06-15,ITEM2,60,NOS,165
T221,60,Days,24-06-15,ITEM2,310,NOS,157
D111,3,Months,06-07-15,ITEM2,404,NOS,137
T019,2,Months,03-08-15,ITEM2,584,NOS,225
T221,3,Months,12-08-15,ITEM2,300,NOS,182
T221,60,Days,21-08-15,ITEM2,310,NOS,157
T221,60,Days,27-08-15,ITEM2,62,NOS,157
P340,8,Weeks,10-09-15,ITEM2,2,NOS,165
A225,5,Months,06-11-15,ITEM2,55,NOS,150
D111,3,Months,24-11-15,ITEM2,260,NOS,116.85
Y634,4,Weeks,18-12-15,ITEM2,253,NOS,1.72
A225,5,Months,31-12-15,ITEM2,55,NOS,150
C209,3,Months,05-01-16,ITEM2,193,NOS,180
C209,8,Weeks,11-01-16,ITEM2,238,NOS,180
C209,2,Months,30-01-16,ITEM2,46,NOS,160.84
T221,2,Months,30-01-16,ITEM2,46,NOS,164.31
P315,2,Months,30-01-16,ITEM2,364,NOS,155
Y634,1,Months,02-02-16,ITEM2,590,NOS,2.48
T221,6,Weeks,10-02-16,ITEM2,112,NOS,163
P315,6,Weeks,11-02-16,ITEM2,23,NOS,138
C209,4,Months,11-02-16,ITEM2,510,NOS,180
C209,7,Weeks,26-03-16,ITEM2,241,NOS,180
K218,2,Months,26-03-16,ITEM2,185,NOS,250
A225,4,Months,03-05-16,ITEM2,87,NOS,145
~0985,4,Months,03-05-16,ITEM2,88,NOS,145
C209,5,Months,04-05-16,ITEM2,405,NOS,175
C209,45,Days,25-05-16,ITEM2,134,NOS,160
T050,4,Months,24-06-16,ITEM2,2196,NOS,160
P315,2,Months,27-06-16,ITEM2,600,NOS,126
P315,6,Weeks,05-07-16,ITEM2,50,NOS,150
P315,2,Months,07-07-16,ITEM2,2,NOS,160
C209,8,Weeks,21-07-16,ITEM2,136,NOS,170
C209,2,Months,28-07-16,ITEM2,154,NOS,149.53
P315,2,Months,28-07-16,ITEM2,616,NOS,144
P315,6,Weeks,23-08-16,ITEM2,556,NOS,142
M057,3,Months,02-09-16,ITEM2,90,NOS,171
C209,5,Weeks,10-09-16,ITEM2,117,NOS,160
P315,6,Weeks,28-09-16,ITEM2,282,NOS,142
P315,3,Months,30-09-16,ITEM2,697,NOS,140
Y634,3,Months,07-11-16,ITEM2,2830,NOS,1.79
D111,8,Months,16-11-16,ITEM2,77,NOS,1
Y634,22,Weeks,23-11-16,ITEM2,2254,NOS,1
D111,24,Weeks,24-11-16,ITEM2,18068,NOS,1
M057,20,Days,02-12-16,ITEM2,16,NOS,171
S102,2,Months,16-12-16,ITEM2,55,NOS,190
P315,3,Months,21-12-16,ITEM2,140,NOS,140
T050,4,Months,22-12-16,ITEM2,738,NOS,160
80290,3,Weeks,20-01-17,ITEM2,400,NOS,135
S265,10,Weeks,31-01-17,ITEM2,18,NOS,175
S265,10,Weeks,31-01-17,ITEM2,29,NOS,175
S265,10,Weeks,31-01-17,ITEM2,690,NOS,175
S265,10,Weeks,31-01-17,ITEM2,207,NOS,175
S265,10,Weeks,31-01-17,ITEM2,539,NOS,175
S265,2,Months,09-02-17,ITEM2,1149,NOS,170
P275,4,Months,28-02-17,ITEM2,1700,NOS,135
P275,5,Months,06-03-17,ITEM2,216,NOS,150
M057,45,Days,08-03-17,ITEM2,132,NOS,171
S265,7,Weeks,10-03-17,ITEM2,6,NOS,200
P340,3,Months,31-03-17,ITEM2,23,NOS,145
80566,1,Weeks,27-04-17,ITEM2,150,NOS,182
K218,3,Months,02-05-17,ITEM2,8,NOS,300
S265,2,Months,09-05-17,ITEM2,310,NOS,170
3637,2,Months,11-05-17,ITEM2,138,NOS,104
3637,45,Days,12-05-17,ITEM2,41,NOS,110
3637,24,Weeks,16-06-17,ITEM2,171,NOS,115
3637,24,Weeks,16-06-17,ITEM2,371,NOS,115
3637,24,Weeks,16-06-17,ITEM2,223,NOS,115
3637,24,Weeks,16-06-17,ITEM2,110,NOS,115
3637,24,Weeks,16-06-17,ITEM2,620,NOS,115
3637,2,Months,30-06-17,ITEM2,100,NOS,116
3637,3,Months,30-06-17,ITEM2,2368,NOS,108
M057,8,Weeks,21-07-17,ITEM2,75,NOS,207.42
T226,24,Weeks,24-07-17,ITEM2,1097,NOS,175
M057,5,Weeks,18-08-17,ITEM2,6,NOS,201
3637,4,Months,13-09-17,ITEM2,76,NOS,121
3637,3,Months,14-09-17,ITEM2,782,NOS,117
P275,10,Weeks,20-09-17,ITEM2,135,NOS,160
J614,2,Months,13-10-17,ITEM2,66,NOS,2.06
S265,2,Months,18-10-17,ITEM2,74,NOS,170
T226,10,Weeks,01-12-17,ITEM2,214,NOS,160.62
T221,2,Months,15-12-17,ITEM2,4,NOS,221
3637,24,Weeks,15-12-17,ITEM2,535,NOS,120
3637,24,Weeks,15-12-17,ITEM2,700,NOS,120
3637,24,Weeks,29-12-17,ITEM2,160,NOS,126
3637,24,Weeks,04-01-18,ITEM2,330,NOS,126
3637,24,Weeks,05-01-18,ITEM2,1250,NOS,123
T226,90,Days,10-01-18,ITEM2,397,NOS,160.62
3637,6,Months,11-01-18,ITEM2,108,NOS,118.32
S265,2,Months,19-01-18,ITEM2,48,NOS,200
G125,45,Days,30-01-18,ITEM2,60,NOS,239
S265,20,Weeks,27-02-18,ITEM2,1345,NOS,165
S265,24,Weeks,28-02-18,ITEM2,1103,NOS,175
F190,20,Weeks,20-03-18,ITEM2,744,NOS,116
F190,20,Weeks,20-03-18,ITEM2,544,NOS,116
F190,20,Weeks,20-03-18,ITEM2,152,NOS,116
J614,24,Weeks,23-03-18,ITEM2,6559,NOS,2.04
S265,4,Months,23-03-18,ITEM2,1007,NOS,165
J614,24,Weeks,23-03-18,ITEM2,6559,NOS,2.04
C209,6,Weeks,30-03-18,ITEM2,208,NOS,212
3637,4,Months,06-04-18,ITEM2,95,NOS,126
3637,4,Months,07-04-18,ITEM2,557,NOS,117
D111,15,Weeks,26-04-18,ITEM2,185,NOS,147
G125,10,Weeks,30-04-18,ITEM2,1246,NOS,209
3637,6,Weeks,11-05-18,ITEM2,99,NOS,130
T226,11,Weeks,28-06-18,ITEM2,590,NOS,150
3637,11,Weeks,29-06-18,ITEM2,335,NOS,143
3637,11,Weeks,29-06-18,ITEM2,67,NOS,143
3637,11,Weeks,29-06-18,ITEM2,30,NOS,143
80290,2,Weeks,05-07-18,ITEM2,77,NOS,210
D111,5,Months,05-07-18,ITEM2,10398,NOS,152
D111,15,Weeks,11-07-18,ITEM2,2,NOS,147
3637,11,Weeks,13-07-18,ITEM2,895,NOS,172
S265,6,Weeks,26-07-18,ITEM2,7,NOS,220
P325,6,Weeks,02-08-18,ITEM2,662,NOS,115
Y634,6,Months,13-09-18,ITEM2,7,NOS,5.45
S265,8,Weeks,14-09-18,ITEM2,5,NOS,245
C209,3,Months,26-09-18,ITEM2,2759,NOS,240
3637,5,Months,31-10-18,ITEM2,578,NOS,158.9
3637,4,Months,31-10-18,ITEM2,80,NOS,172
P325,10,Weeks,06-12-18,ITEM2,27,NOS,145
D111,12,Weeks,27-12-18,ITEM2,1145,NOS,178
3637,6,Weeks,27-12-18,ITEM2,448,NOS,211
D111,12,Weeks,27-12-18,ITEM2,276,NOS,178
D111,12,Weeks,27-12-18,ITEM2,258,NOS,178
D111,12,Weeks,27-12-18,ITEM2,116,NOS,178
D111,12,Weeks,27-12-18,ITEM2,884,NOS,178
T226,8,Weeks,01-02-19,ITEM2,37,NOS,400
S859,2,Months,07-03-19,ITEM2,82,NOS,2.83
S859,2,Months,07-03-19,ITEM2,218,NOS,2.83
T556,2,Months,07-03-19,ITEM2,8,NOS,4.28
3637,4,Weeks,18-04-19,ITEM2,26,NOS,158
81641,2,Weeks,18-04-19,ITEM2,605,NOS,1.94
81641,6,Weeks,10-05-19,ITEM2,30,NOS,2.38
M057,20,Weeks,10-07-19,ITEM2,5512,NOS,3.39
M057,20,Weeks,10-07-19,ITEM2,5512,NOS,3.39
3747,3,Months,03-09-19,ITEM2,120,NOS,260
T221,15,Weeks,12-09-19,ITEM2,4,NOS,219
S265,10,Weeks,04-10-19,ITEM2,2025,NOS,260
3747,6,Weeks,18-10-19,ITEM2,711,NOS,255
C209,3,Months,08-11-19,ITEM2,615,NOS,210
M057,3,Weeks,20-11-19,ITEM2,2,NOS,258
D111,2,Weeks,30-11-19,ITEM2,450,NOS,240
D111,2,Weeks,30-11-19,ITEM2,85,NOS,298
P315,3,Weeks,14-12-19,ITEM2,545,NOS,695
D111,16,Weeks,18-12-19,ITEM2,771,NOS,184
T226,2,Weeks,03-01-20,ITEM2,6,NOS,350
Y634,6,Months,21-01-20,ITEM2,7,NOS,5.45
Y634,2,Months,19-02-20,ITEM2,2038,Nos,1
D111,9,Weeks,22-04-20,ITEM2,2277,NOS,182
D111,10,Weeks,17-07-20,ITEM2,340,NOS,182
M057,14,Weeks,22-09-20,ITEM2,859,NOS.,1
S102,9,Weeks,22-10-20,ITEM2,90,NOS,180
S265,10,Weeks,24-12-20,ITEM2,833,NOS,225
M057,16,Weeks,25-01-21,ITEM2,553,NOS,1
3806,8,Weeks,03-02-21,ITEM2,17,NOS,200
S102,8,Weeks,25-03-21,ITEM2,342,NOS,195
M057,6,Weeks,08-06-21,ITEM2,716,NOS,243
M057,10,Weeks,08-07-21,ITEM2,487,NOS,1
M057,4,Weeks,17-07-21,ITEM2,497,NOS,243
C209,6,Weeks,17-08-21,ITEM2,181,NOS,1
E009,2,Months,,ITEM2,20,NOS,1
F130,0,Years,,ITEM2,931,NOS,70
M057,1,Days,,ITEM2,612,NOS,139
T040,0,Years,21-08-01,ITEM4,476,NOS,140
T040,0,Years,20-11-01,ITEM4,403,NOS,140
F130,0,Years,11-04-02,ITEM4,1149,NOS,130
T040,0,Years,29-05-02,ITEM4,801,NOS,130
T040,0,Years,07-10-02,ITEM4,1427,NOS,124
T040,0,Years,16-10-02,ITEM4,353,NOS,126
T040,0,Years,20-12-02,ITEM4,78,NOS,124
T040,0,Years,08-01-03,ITEM4,221,NOS,122
D111,3,Months,06-03-03,ITEM4,197,NOS,120
T040,12,Weeks,01-07-03,ITEM4,262,NOS,140
D111,8,Weeks,04-07-03,ITEM4,312,NOS,134
D111,6,Weeks,18-08-03,ITEM4,81,NOS,132
D111,6,Months,02-09-03,ITEM4,1316,NOS,122
T040,3,Months,16-09-03,ITEM4,291,NOS,125
S265,4,Months,03-11-03,ITEM4,203,NOS,124
S265,4,Months,03-11-03,ITEM4,481,NOS,124
D111,6,Months,05-11-03,ITEM4,194,NOS,123.3
S265,6,Months,17-11-03,ITEM4,276,NOS,126
D111,8,Weeks,28-11-03,ITEM4,330,NOS,146
D111,3,Months,30-12-03,ITEM4,44,NOS,134
T040,8,Weeks,09-01-04,ITEM4,155,NOS,125
D111,8,Weeks,16-01-04,ITEM4,12,NOS,146
S265,4,Months,21-02-04,ITEM4,1459,NOS,150
T040,12,Weeks,15-03-04,ITEM4,122,NOS,160
C041,6,Weeks,19-03-04,ITEM4,1,NOS,288
T040,12,Weeks,02-04-04,ITEM4,71,NOS,200
E009,3,Months,15-04-04,ITEM4,3,NOS,225
T040,12,Weeks,21-05-04,ITEM4,125,NOS,225
T040,12,Weeks,21-05-04,ITEM4,284,NOS,225
T040A,3,Months,26-05-04,ITEM4,9,NOS,240
A225,6,Weeks,25-06-04,ITEM4,28,NOS,260
N003,3,Months,23-07-04,ITEM4,552,NOS,176
T040,9,Weeks,11-08-04,ITEM4,49,NOS,297
T040,14,Weeks,26-08-04,ITEM4,83,NOS,220
~5121,4,Months,01-09-04,ITEM4,540,NOS,2.7
T040,2,Months,02-09-04,ITEM4,10,NOS,225
N003,9,Weeks,15-09-04,ITEM4,215,NOS,180
~5121,6,Weeks,30-09-04,ITEM4,41,NOS,3.9
~5121,6,Weeks,30-09-04,ITEM4,191,NOS,3.9
T040,1,Weeks,01-10-04,ITEM4,64,NOS,250
P686,4,Weeks,06-10-04,ITEM4,121,NOS,3.6
~5121,4,Months,15-10-04,ITEM4,438,NOS,2.7
N003,3,Months,07-12-04,ITEM4,240,NOS,230
N003,3,Months,07-12-04,ITEM4,235,NOS,220
T040,12,Weeks,19-01-05,ITEM4,11,NOS,240
T040A,3,Months,28-01-05,ITEM4,149,NOS,222
T040,8,Weeks,31-01-05,ITEM4,12,NOS,235
T040,8,Weeks,19-02-05,ITEM4,25,NOS,235
M057,14,Weeks,24-02-05,ITEM4,70,NOS,271.7
T040,2,Months,09-03-05,ITEM4,89,NOS,224
T040,9,Weeks,11-03-05,ITEM4,161,NOS,218
T040,6,Weeks,22-03-05,ITEM4,23,NOS,350
T040,6,Weeks,22-03-05,ITEM4,15,NOS,350
T019,4,Months,15-04-05,ITEM4,0,NOS,400
T040,10,Weeks,19-04-05,ITEM4,100,NOS,350
T040,1,Months,10-05-05,ITEM4,14,NOS,350
T040,4,Months,06-06-05,ITEM4,1204,NOS,280
T040,4,Weeks,14-07-05,ITEM4,24,NOS,325
T040,1,Months,26-07-05,ITEM4,53,NOS,218
M057,4,Weeks,29-08-05,ITEM4,21,NOS,300
T040,9,Weeks,31-08-05,ITEM4,111,NOS,310
T040,3,Months,05-09-05,ITEM4,1850,NOS,300
T040,3,Weeks,06-10-05,ITEM4,298,NOS,350
S420,2,Months,09-11-05,ITEM4,67,NOS,264.6
E009,5,Months,15-12-05,ITEM4,1240,NOS,350
T019,4,Weeks,30-12-05,ITEM4,17,NOS,368
T040,3,Months,17-02-06,ITEM4,833,NOS,300
E009,5,Months,27-02-06,ITEM4,372,NOS,350
M057,4,Months,27-03-06,ITEM4,372,NOS,276.32
M057,2,Weeks,28-04-06,ITEM4,20,NOS,316
M057,4,Months,03-05-06,ITEM4,80,NOS,314
T040,3,Months,30-05-06,ITEM4,71,NOS,325
E009,5,Months,17-07-06,ITEM4,89,NOS,350
P686,14,Weeks,25-08-06,ITEM4,213,NOS,2.92
T040,12,Weeks,31-08-06,ITEM4,632,NOS,289
T040,6,Months,28-09-06,ITEM4,3130,NOS,216
E188,5,Months,13-11-06,ITEM4,806,NOS,230
S265,3,Months,08-05-07,ITEM4,29,NOS,265
T040,4,Months,31-05-07,ITEM4,45,NOS,243
T040,16,Weeks,19-06-07,ITEM4,112,NOS,275
T040,6,Months,27-06-07,ITEM4,424,NOS,250
T040,4,Months,18-08-07,ITEM4,167,NOS,250
E188,12,Weeks,07-09-07,ITEM4,323,NOS,265
E188,3,Months,08-09-07,ITEM4,168,NOS,265
M057,4,Months,24-09-07,ITEM4,10,NOS,314
T040,6,Months,27-10-07,ITEM4,148,NOS,250
T040,3,Months,10-01-08,ITEM4,671,NOS,230
T040,3,Months,11-01-08,ITEM4,61,NOS,268
P686,3,Months,29-02-08,ITEM4,175,NOS,4.09
M057,2,Months,15-03-08,ITEM4,10,NOS,301
S046,5,Months,11-04-08,ITEM4,960,NOS,212
M057,5,Months,11-04-08,ITEM4,253,NOS,273
T040,6,Weeks,07-06-08,ITEM4,67,NOS,360
T040,3,Months,19-06-08,ITEM4,390,NOS,333
S046,3,Months,19-06-08,ITEM4,293,NOS,266
T040,6,Months,24-06-08,ITEM4,3132,NOS,259.695
P275,4,Months,02-07-08,ITEM4,82,NOS,254
M057,1,Months,18-07-08,ITEM4,110,NOS,361
T040,3,Months,31-07-08,ITEM4,954,NOS,330
I594,3,Months,19-08-08,ITEM4,175,NOS,6
A225,4,Months,13-09-08,ITEM4,53,NOS,390
T040,4,Months,17-09-08,ITEM4,869,NOS,342
A225,12,Weeks,03-10-08,ITEM4,8,NOS,360
T019,4,Months,22-10-08,ITEM4,484,NOS,300
T040,3,Months,31-10-08,ITEM4,38,NOS,375
E188,5,Months,15-11-08,ITEM4,167,NOS,312
P686,2,Months,20-11-08,ITEM4,78,NOS,6.57
E188,4,Weeks,05-12-08,ITEM4,72,NOS,320
T040,3,Months,05-01-09,ITEM4,226,NOS,300
G125,3,Months,20-01-09,ITEM4,64,NOS,365
T040,8,Weeks,03-02-09,ITEM4,11,NOS,350
G125,8,Weeks,10-02-09,ITEM4,12,NOS,335
T040,8,Months,14-02-09,ITEM4,1200,NOS,252
M057,4,Weeks,18-02-09,ITEM4,50,NOS,301
I594,3,Months,27-02-09,ITEM4,597,NOS,5.17
E188,5,Months,02-03-09,ITEM4,167,NOS,312
T040,47,Months,05-03-09,ITEM4,100,NOS,300
S046,6,Months,13-03-09,ITEM4,73,NOS,271
G125,3,Months,01-04-09,ITEM4,101,NOS,265
T040,3,Months,06-04-09,ITEM4,370,NOS,261
S046,4,Months,07-04-09,ITEM4,1004,NOS,229
T040,5,Months,08-05-09,ITEM4,290,NOS,252
S046,3,Weeks,19-05-09,ITEM4,74,NOS,226
S046,3,Months,22-05-09,ITEM4,512,NOS,221
S046,4,Months,04-06-09,ITEM4,15,NOS,230
A225,2,Weeks,24-06-09,ITEM4,3,NOS,371
I594,2,Months,06-07-09,ITEM4,919,NOS,3
D111,3,Months,10-07-09,ITEM4,40,NOS,229
T019,6,Weeks,23-07-09,ITEM4,57,NOS,300
S046,12,Weeks,04-08-09,ITEM4,3468,NOS,198.37
T040,4,Months,07-08-09,ITEM4,773,NOS,243
D111,107,Days,12-08-09,ITEM4,81,NOS,229
T040,3,Weeks,21-08-09,ITEM4,105,NOS,300
T040,5,Months,24-08-09,ITEM4,81,NOS,252
T040,3,Months,31-08-09,ITEM4,16,NOS,270
D111,10,Weeks,19-09-09,ITEM4,40,NOS,208
M057,2,Months,19-09-09,ITEM4,478,NOS,271
S265,3,Months,30-09-09,ITEM4,8,NOS,220
T040,4,Months,22-10-09,ITEM4,70,NOS,250
D111,2,Months,23-10-09,ITEM4,62,NOS,208
T040,2,Weeks,30-10-09,ITEM4,17,NOS,270
D111,4,Months,09-11-09,ITEM4,71,NOS,197
T040,3,Months,27-11-09,ITEM4,2266,NOS,205
M057,1,Weeks,30-11-09,ITEM4,10,NOS,271
T040,5,Weeks,18-12-09,ITEM4,25,NOS,225
T040,1,Months,18-12-09,ITEM4,102,NOS,225
S046,5,Months,19-12-09,ITEM4,1014,NOS,200
S265,7,Days,20-01-10,ITEM4,30,NOS,260
T040,2,Weeks,23-01-10,ITEM4,48,NOS,250
M057,3,Months,27-01-10,ITEM4,100,NOS,171
D111,4,Months,28-01-10,ITEM4,111,NOS,204
T040,4,Weeks,12-03-10,ITEM4,78,NOS,210
T040,3,Months,19-03-10,ITEM4,666,NOS,190
T040,4,Months,26-03-10,ITEM4,45,NOS,250
S265,15,Weeks,26-03-10,ITEM4,124,NOS,215
D111,4,Months,29-03-10,ITEM4,104,NOS,204
D111,4,Months,29-03-10,ITEM4,71,NOS,197
T040,5,Weeks,05-04-10,ITEM4,273,NOS,205
T040,2,Months,18-05-10,ITEM4,449,NOS,225
T040,2,Months,21-05-10,ITEM4,29,NOS,210
P686,8,Weeks,14-06-10,ITEM4,363,NOS,4.2
S265,5,Months,02-07-10,ITEM4,272,NOS,198
T040,3,Months,14-07-10,ITEM4,63,NOS,225
P686,8,Weeks,14-07-10,ITEM4,100,NOS,4.2
T040,3,Months,27-07-10,ITEM4,121,NOS,215
T040,2,Months,02-08-10,ITEM4,24,NOS,215
M057,1,Weeks,03-08-10,ITEM4,0,NOS,271
T040,4,Months,06-08-10,ITEM4,12,NOS,220
S265,5,Months,10-08-10,ITEM4,3830,NOS,185
T040,5,Weeks,02-09-10,ITEM4,422,NOS,225
S265,12,Weeks,01-10-10,ITEM4,13,NOS,240
T040,3,Months,13-10-10,ITEM4,48,NOS,240
T226,10,Weeks,22-11-10,ITEM4,9,NOS,250
T040,6,Months,11-02-11,ITEM4,145,NOS,230
H644,5,Months,18-02-11,ITEM4,203,NOS,4
S046,4,Months,07-04-11,ITEM4,100,NOS,220
T040,5,Months,03-05-11,ITEM4,183,NOS,235
T221,0,Months,17-05-11,ITEM4,0,NOS,261
T040,5,Months,01-06-11,ITEM4,677,NOS,230
T040,5,Months,14-06-11,ITEM4,65,NOS,235
M057,1,Weeks,18-06-11,ITEM4,8,NOS,340.93
M057,10,Days,04-07-11,ITEM4,11,NOS,331
M057,2,Weeks,08-07-11,ITEM4,40,NOS,340.93
T226,20,Days,12-07-11,ITEM4,38,NOS,1350
T226,10,Days,15-07-11,ITEM4,103,NOS,440
M057,4,Weeks,26-07-11,ITEM4,14,NOS,331
H644,3,Months,03-08-11,ITEM4,55,NOS,5.01
T040,6,Months,08-08-11,ITEM4,83,NOS,260
S265,4,Months,23-09-11,ITEM4,4,NOS,280
D111,3,Months,26-09-11,ITEM4,1627,NOS,218
T040,4,Months,21-10-11,ITEM4,21,NOS,245
T040,4,Months,25-10-11,ITEM4,197,NOS,220
T040,14,Weeks,04-11-11,ITEM4,625,NOS,215
D111,4,Months,17-11-11,ITEM4,700,NOS,229
T040,5,Months,23-11-11,ITEM4,88,NOS,235
D111,12,Weeks,10-01-12,ITEM4,8,NOS,312
T221,4,Months,25-01-12,ITEM4,638,NOS,235
G125,5,Weeks,25-01-12,ITEM4,1,NOS,775
T221,2,Months,06-02-12,ITEM4,31,NOS,263
T221,3,Months,27-02-12,ITEM4,65,NOS,239
I594,12,Weeks,21-03-12,ITEM4,12,NOS,3.8
T221,2,Months,21-03-12,ITEM4,64,NOS,311
T221,16,Weeks,30-03-12,ITEM4,51,NOS,260
T040,5,Months,03-04-12,ITEM4,1033,NOS,237
T221,0,Months,18-04-12,ITEM4,0,NOS,240
T040,3,Months,02-05-12,ITEM4,116,NOS,240
T226,5,Months,16-05-12,ITEM4,1012,NOS,300
D111,12,Weeks,03-07-12,ITEM4,251,NOS,291
T040,3,Months,13-07-12,ITEM4,165,NOS,238
P315,3,Weeks,13-08-12,ITEM4,20,NOS,336
S265,2,Months,07-09-12,ITEM4,13,NOS,265
T040,5,Months,07-09-12,ITEM4,238,NOS,237
S265,2,Months,11-10-12,ITEM4,13,NOS,265
T040,3,Months,18-10-12,ITEM4,156,NOS,241
S265,14,Weeks,29-10-12,ITEM4,110,NOS,240
T040,10,Weeks,31-10-12,ITEM4,75,NOS,245
T221,2,Months,12-11-12,ITEM4,37,NOS,305
S265,4,Months,24-11-12,ITEM4,2606,NOS,220
T221,10,Weeks,16-01-13,ITEM4,35,NOS,243
T040,3,Months,08-02-13,ITEM4,156,NOS,241
T226,10,Weeks,13-02-13,ITEM4,174,NOS,250
T040,6,Months,26-02-13,ITEM4,421,NOS,225
T040,3,Months,05-03-13,ITEM4,23,NOS,255
T040,10,Weeks,12-04-13,ITEM4,185,NOS,238
T019,15,Days,18-04-13,ITEM4,30,NOS,435.821
M057,6,Weeks,18-04-13,ITEM4,54,NOS,364
T040,3,Months,19-06-13,ITEM4,144,NOS,255
T040,10,Weeks,21-06-13,ITEM4,67,NOS,242
S265,6,Weeks,27-08-13,ITEM4,54,NOS,225
D111,4,Months,04-09-13,ITEM4,1339,NOS,193
T221,12,Weeks,04-09-13,ITEM4,167,NOS,268
M057,3,Weeks,10-09-13,ITEM4,18,NOS,364
S265,8,Weeks,20-09-13,ITEM4,62,NOS,245
T040,10,Weeks,26-09-13,ITEM4,182,NOS,255
T221,15,Days,16-10-13,ITEM4,86,NOS,297
S265,8,Weeks,14-11-13,ITEM4,117,NOS,280
E188,4,Weeks,14-11-13,ITEM4,29,NOS,285.08
E188,3,Weeks,29-11-13,ITEM4,54,NOS,363
S265,10,Weeks,29-11-13,ITEM4,86,NOS,255
T040,3,Months,01-01-14,ITEM4,21,NOS,255
E188,4,Months,03-01-14,ITEM4,918,NOS,250
T040,4,Months,22-01-14,ITEM4,59,NOS,240
P315,2,Months,07-05-14,ITEM4,538,NOS,242
P315,3,Months,26-05-14,ITEM4,1850,NOS,250
C209,2,Months,23-06-14,ITEM4,551,NOS,320
E188,3,Months,27-06-14,ITEM4,450,NOS,284
Y634,1,Months,19-08-14,ITEM4,177,NOS,5.04
E188,5,Months,21-08-14,ITEM4,110,NOS,314
S102,2,Weeks,18-09-14,ITEM4,40,NOS,495
D111,3,Months,17-10-14,ITEM4,1550,NOS,260
C209,4,Months,07-11-14,ITEM4,258,NOS,340
M057,4,Weeks,05-12-14,ITEM4,20,NOS,364
P315,3,Months,03-01-15,ITEM4,827,NOS,250
C209,4,Months,06-02-15,ITEM4,227,NOS,340
S102,6,Months,11-02-15,ITEM4,30,NOS,319.02
P315,3,Months,12-03-15,ITEM4,341,NOS,250
D111,5,Months,08-04-15,ITEM4,180,NOS,266
P340,2,Weeks,09-06-15,ITEM4,57,NOS,335
T221,60,Days,24-06-15,ITEM4,53,NOS,282
T019,2,Months,03-08-15,ITEM4,412,NOS,350
D111,5,Months,05-08-15,ITEM4,8,NOS,266
C209,3,Months,12-08-15,ITEM4,90,NOS,300
T221,60,Days,21-08-15,ITEM4,53,NOS,282
T221,60,Days,27-08-15,ITEM4,19,NOS,282
S102,8,Weeks,10-09-15,ITEM4,229,NOS,310
A225,5,Months,06-11-15,ITEM4,69,NOS,248
T221,6,Weeks,18-12-15,ITEM4,132,NOS,277
A225,5,Months,31-12-15,ITEM4,69,NOS,248
C209,3,Months,05-01-16,ITEM4,95,NOS,300
C209,8,Weeks,11-01-16,ITEM4,289,NOS,300
T221,6,Weeks,29-01-16,ITEM4,13,NOS,277
C209,2,Months,30-01-16,ITEM4,51,NOS,277.36
T019,2,Months,30-01-16,ITEM4,408,NOS,280
T221,2,Months,30-01-16,ITEM4,51,NOS,280.67
T221,2,Months,02-02-16,ITEM4,144,NOS,283
T221,6,Weeks,10-02-16,ITEM4,22,NOS,274
T221,4,Months,11-02-16,ITEM4,96,NOS,277
C209,7,Weeks,26-03-16,ITEM4,115,NOS,280
K218,2,Months,26-03-16,ITEM4,93,NOS,300
A225,4,Months,03-05-16,ITEM4,57,NOS,210
C209,5,Months,04-05-16,ITEM4,249,NOS,270
C209,45,Days,25-05-16,ITEM4,25,NOS,280
M057,4,Weeks,07-06-16,ITEM4,10,NOS,328
T050,4,Months,24-06-16,ITEM4,1031,NOS,285
P315,2,Months,27-06-16,ITEM4,310,NOS,260
P315,6,Weeks,05-07-16,ITEM4,93,NOS,263
P315,2,Months,07-07-16,ITEM4,30,NOS,290
T221,8,Weeks,21-07-16,ITEM4,24,NOS,260
C209,2,Months,28-07-16,ITEM4,441,NOS,270
P315,6,Weeks,23-08-16,ITEM4,260,NOS,265
P315,3,Months,02-09-16,ITEM4,35,NOS,270
C209,5,Weeks,10-09-16,ITEM4,183,NOS,280
P315,6,Weeks,28-09-16,ITEM4,174,NOS,265
P315,3,Months,30-09-16,ITEM4,153,NOS,270
S265,6,Weeks,27-10-16,ITEM4,2,NOS,275
D111,4,Months,07-11-16,ITEM4,631,NOS,232
D111,8,Months,16-11-16,ITEM4,127,NOS,1
D111,22,Weeks,23-11-16,ITEM4,294,NOS,1
D111,24,Weeks,24-11-16,ITEM4,7188,NOS,1
S265,2,Months,16-12-16,ITEM4,8,NOS,275
T050,4,Months,22-12-16,ITEM4,94,NOS,285
S265,10,Weeks,31-01-17,ITEM4,7,NOS,255
S265,10,Weeks,31-01-17,ITEM4,3,NOS,255
S265,10,Weeks,31-01-17,ITEM4,46,NOS,255
S265,10,Weeks,31-01-17,ITEM4,20,NOS,255
S265,2,Months,09-02-17,ITEM4,664,NOS,255
3637,3,Weeks,15-02-17,ITEM4,42,NOS,254
P275,5,Months,06-03-17,ITEM4,175,NOS,190
S265,45,Days,08-03-17,ITEM4,57,NOS,255
S265,7,Weeks,10-03-17,ITEM4,2,NOS,285
K218,3,Months,02-05-17,ITEM4,120,NOS,350
S265,2,Months,09-05-17,ITEM4,45,NOS,255
3637,2,Months,11-05-17,ITEM4,2,NOS,248
3637,45,Days,12-05-17,ITEM4,11,NOS,248
3637,24,Weeks,16-06-17,ITEM4,13,NOS,248.23
3637,24,Weeks,16-06-17,ITEM4,589,NOS,248.23
3637,24,Weeks,16-06-17,ITEM4,266,NOS,248.23
3637,24,Weeks,16-06-17,ITEM4,162,NOS,248.23
3637,24,Weeks,16-06-17,ITEM4,320,NOS,248.23
D111,3,Months,30-06-17,ITEM4,953,NOS,250.04
3637,3,Months,30-06-17,ITEM4,238,NOS,241.07
3637,2,Months,30-06-17,ITEM4,8,NOS,260
M057,8,Weeks,21-07-17,ITEM4,68,NOS,375.62
T226,24,Weeks,24-07-17,ITEM4,549,NOS,271
M057,5,Weeks,18-08-17,ITEM4,6,NOS,364
3637,4,Months,13-09-17,ITEM4,467,NOS,243
Y634,3,Months,14-09-17,ITEM4,312,NOS,3.15
P275,10,Weeks,20-09-17,ITEM4,40,NOS,220
S265,2,Months,18-10-17,ITEM4,45,NOS,255
T226,10,Weeks,01-12-17,ITEM4,128,NOS,275.22
3637,24,Weeks,15-12-17,ITEM4,550,NOS,240
3637,24,Weeks,15-12-17,ITEM4,360,NOS,260
3637,24,Weeks,29-12-17,ITEM4,110,NOS,273
3637,24,Weeks,04-01-18,ITEM4,310,NOS,273
3637,24,Weeks,05-01-18,ITEM4,760,NOS,252
T226,90,Days,10-01-18,ITEM4,44,NOS,275.22
3637,6,Months,11-01-18,ITEM4,23,NOS,259.08
G125,20,Weeks,27-02-18,ITEM4,69,NOS,299.25
S265,20,Weeks,27-02-18,ITEM4,275,NOS,285
S265,24,Weeks,28-02-18,ITEM4,206,NOS,285
F190,20,Weeks,20-03-18,ITEM4,184,NOS,243
F190,20,Weeks,20-03-18,ITEM4,33,NOS,243
J614,24,Weeks,23-03-18,ITEM4,2870,NOS,3.67
J614,24,Weeks,23-03-18,ITEM4,2870,NOS,3.67
S265,4,Months,23-03-18,ITEM4,540,NOS,270
C209,6,Weeks,30-03-18,ITEM4,13,NOS,381
3637,4,Months,06-04-18,ITEM4,96,NOS,273
3637,4,Months,07-04-18,ITEM4,334,NOS,249
D111,15,Weeks,26-04-18,ITEM4,81,NOS,304
G125,10,Weeks,30-04-18,ITEM4,344,NOS,324
80290,2,Weeks,01-06-18,ITEM4,8,NOS,355
T226,11,Weeks,28-06-18,ITEM4,287,NOS,300
T226,11,Weeks,29-06-18,ITEM4,70,NOS,298.85
T226,11,Weeks,29-06-18,ITEM4,130,NOS,298.85
80290,2,Weeks,05-07-18,ITEM4,53,NOS,365
D111,5,Months,05-07-18,ITEM4,6717,NOS,305
D111,15,Weeks,11-07-18,ITEM4,19,NOS,304
T221,11,Weeks,13-07-18,ITEM4,412,NOS,311
P325,6,Weeks,02-08-18,ITEM4,269,NOS,285
S265,8,Weeks,14-09-18,ITEM4,23,NOS,425
C209,3,Months,26-09-18,ITEM4,576,NOS,340
3637,4,Months,31-10-18,ITEM4,104,NOS,330
3637,5,Months,31-10-18,ITEM4,196,NOS,360.3
D111,12,Weeks,27-12-18,ITEM4,632,NOS,354
D111,12,Weeks,27-12-18,ITEM4,15,NOS,354
3637,6,Weeks,27-12-18,ITEM4,190,NOS,480
D111,12,Weeks,27-12-18,ITEM4,308,NOS,354
D111,12,Weeks,27-12-18,ITEM4,20,NOS,354
T019,10,Weeks,15-02-19,ITEM4,12,NOS,400
G616,2,Months,07-03-19,ITEM4,110,NOS,5.78
G616,2,Months,07-03-19,ITEM4,34,NOS,5.78
G616,2,Months,07-03-19,ITEM4,4,NOS,5.78
G616,2,Months,07-03-19,ITEM4,40,NOS,5.78
T556,2,Months,07-03-19,ITEM4,7,NOS,7.7
3637,4,Weeks,18-04-19,ITEM4,86,NOS,345
81641,2,Weeks,18-04-19,ITEM4,215,NOS,4.21
T221,4,Months,18-06-19,ITEM4,22,NOS,342
Y634,20,Weeks,10-07-19,ITEM4,1407,NOS,1
3747,3,Months,03-09-19,ITEM4,31,NOS,450
M057,15,Weeks,12-09-19,ITEM4,6,NOS,424
P315,10,Weeks,04-10-19,ITEM4,121,NOS,390
3747,6,Weeks,18-10-19,ITEM4,203,NOS,365
C209,3,Months,08-11-19,ITEM4,113,NOS,357
D111,2,Weeks,30-11-19,ITEM4,100,NOS,444
D111,3,Weeks,14-12-19,ITEM4,56,NOS,692
D111,16,Weeks,18-12-19,ITEM4,240,NOS,372
Y634,2,Months,19-02-20,ITEM4,721,Nos,1
S265,3,Months,20-03-20,ITEM4,25,NOS,480
D111,9,Weeks,22-04-20,ITEM4,911,NOS,323
D111,10,Weeks,17-07-20,ITEM4,265,NOS,323
T221,4,Weeks,22-09-20,ITEM4,103,NOS,324
Y634,14,Weeks,22-09-20,ITEM4,400,NOS.,1
S102,9,Weeks,22-10-20,ITEM4,170,NOS,350
M057,10,Weeks,24-12-20,ITEM4,123,NOS,400
U144,4,Weeks,08-01-21,ITEM4,110,NOS,390
S102,8,Weeks,25-03-21,ITEM4,127,NOS,375
M057,6,Weeks,08-06-21,ITEM4,121,NOS,440
M057,4,Weeks,17-07-21,ITEM4,326,NOS,440
C209,6,Weeks,17-08-21,ITEM4,54,NOS,1
T040,0,Years,,ITEM4,1427,NOS,124
E009,2,Months,,ITEM4,6,NOS,1
T040,1,Days,,ITEM4,406,NOS,240
T040,0,Years,21-08-01,ITEM1,550,NOS,230
T040,0,Years,20-11-01,ITEM1,584,NOS,230
F130,0,Years,11-04-02,ITEM1,1978,NOS,230
T040,0,Years,29-05-02,ITEM1,830,NOS,225
F130,0,Years,01-08-02,ITEM1,1412,NOS,230
T040,0,Years,16-10-02,ITEM1,461,NOS,240
T040,0,Years,08-01-03,ITEM1,442,NOS,235
T040,0,Years,30-01-03,ITEM1,228,NOS,238
D111,3,Months,06-03-03,ITEM1,148,NOS,214
D111,6,Weeks,17-05-03,ITEM1,11,NOS,213
D111,12,Weeks,01-07-03,ITEM1,402,NOS,213
D111,8,Weeks,04-07-03,ITEM1,198,NOS,213
D111,12,Weeks,06-08-03,ITEM1,402,NOS,213
D111,6,Weeks,18-08-03,ITEM1,225,NOS,229
D111,6,Months,02-09-03,ITEM1,1533,NOS,213
D111,3,Months,16-09-03,ITEM1,180,NOS,213
D111,4,Months,03-11-03,ITEM1,396,NOS,217
D111,4,Months,03-11-03,ITEM1,364,NOS,217
D111,6,Months,05-11-03,ITEM1,296,NOS,198.9
D111,6,Months,17-11-03,ITEM1,187,NOS,221
S265,8,Weeks,28-11-03,ITEM1,222,NOS,245
D111,3,Months,30-12-03,ITEM1,58,NOS,213
D111,3,Months,01-01-04,ITEM1,121,NOS,214
S265,8,Weeks,16-01-04,ITEM1,11,NOS,245
D111,4,Months,21-01-04,ITEM1,180,NOS,212.66
D111,4,Months,21-01-04,ITEM1,181,NOS,212.66
S265,4,Months,21-02-04,ITEM1,1982,NOS,260
T040,12,Weeks,15-03-04,ITEM1,147,NOS,270
T040,6,Weeks,19-03-04,ITEM1,13,NOS,350
T040,12,Weeks,02-04-04,ITEM1,53,NOS,300
T040,3,Months,21-04-04,ITEM1,5,NOS,330
T040,12,Weeks,21-05-04,ITEM1,123,NOS,350
T040,12,Weeks,21-05-04,ITEM1,99,NOS,350
C041,12,Weeks,26-05-04,ITEM1,38,NOS,366
T019,4,Months,14-06-04,ITEM1,30,NOS,405
A225,6,Weeks,25-06-04,ITEM1,78,NOS,315
N003,3,Months,23-07-04,ITEM1,284,NOS,295
T019,9,Weeks,11-08-04,ITEM1,0,NOS,425
T040,14,Weeks,26-08-04,ITEM1,127,NOS,360
~5121,4,Months,01-09-04,ITEM1,491,NOS,4.9
T040,2,Months,02-09-04,ITEM1,15,NOS,375
N003,9,Weeks,15-09-04,ITEM1,278,NOS,310
A225,1,Weeks,01-10-04,ITEM1,159,NOS,390
S420,5,Weeks,04-10-04,ITEM1,124,NOS,405
T040,3,Months,05-11-04,ITEM1,657,NOS,378
T040,2,Months,07-12-04,ITEM1,88,NOS,365
T040,9,Weeks,07-12-04,ITEM1,129,NOS,375
P686,44,Days,08-01-05,ITEM1,6,NOS,8.33
P686,44,Days,08-01-05,ITEM1,40,NOS,8.33
T040,12,Weeks,19-01-05,ITEM1,39,NOS,365
T040,16,Weeks,27-01-05,ITEM1,16,NOS,365
T040A,3,Months,28-01-05,ITEM1,116,NOS,370
T040,14,Weeks,28-02-05,ITEM1,134,NOS,425
T040,9,Weeks,11-03-05,ITEM1,141,NOS,390
E009,3,Weeks,18-03-05,ITEM1,42,NOS,650
T040,6,Weeks,22-03-05,ITEM1,25,NOS,450
T040,6,Weeks,22-03-05,ITEM1,8,NOS,450
T040,10,Weeks,07-04-05,ITEM1,42,NOS,410
T019,4,Months,15-04-05,ITEM1,0,NOS,500
T040,10,Weeks,19-04-05,ITEM1,100,NOS,450
T040,1,Months,10-05-05,ITEM1,11,NOS,550
T019,4,Weeks,13-06-05,ITEM1,45,NOS,412.5
T019,4,Months,13-06-05,ITEM1,1694,NOS,450
T040,10,Weeks,17-06-05,ITEM1,3,NOS,600
T040,4,Weeks,14-07-05,ITEM1,10,NOS,450
T040,1,Months,26-07-05,ITEM1,79,NOS,390
T040,9,Weeks,31-08-05,ITEM1,178,NOS,450
T040,3,Months,05-09-05,ITEM1,2084,NOS,425
T040,3,Weeks,06-10-05,ITEM1,177,NOS,475
S420,4,Weeks,07-10-05,ITEM1,25,NOS,525
T040,8,Weeks,09-11-05,ITEM1,30,NOS,450
T019,5,Months,20-12-05,ITEM1,1354,NOS,550
T019,4,Weeks,30-12-05,ITEM1,65,NOS,533.6
T040,3,Months,17-02-06,ITEM1,2084,NOS,425
T019,5,Months,27-02-06,ITEM1,215,NOS,550
T019,4,Months,27-03-06,ITEM1,313,NOS,550
T040,16,Weeks,13-04-06,ITEM1,56,NOS,460
T019,4,Months,03-05-06,ITEM1,129,NOS,500
T040,6,Weeks,12-05-06,ITEM1,47,NOS,441
T019,4,Months,13-06-06,ITEM1,10,NOS,550
T019,4,Months,03-07-06,ITEM1,34,NOS,550
T019,5,Months,17-07-06,ITEM1,152,NOS,550
P686,14,Weeks,25-08-06,ITEM1,254,NOS,4.99
T040,12,Weeks,31-08-06,ITEM1,522,NOS,495
T040,6,Months,28-09-06,ITEM1,3580,NOS,360
T040,16,Weeks,23-10-06,ITEM1,56,NOS,460
E188,5,Months,13-11-06,ITEM1,893,NOS,370
S265,3,Months,08-05-07,ITEM1,79,NOS,450
T040,4,Months,31-05-07,ITEM1,73,NOS,360
T040,16,Weeks,19-06-07,ITEM1,38,NOS,480
T040,6,Months,27-06-07,ITEM1,507,NOS,385
T040,4,Months,18-08-07,ITEM1,125,NOS,390
T040,3,Months,07-09-07,ITEM1,365,NOS,415
T019,3,Months,08-09-07,ITEM1,225,NOS,450
E188,4,Months,01-10-07,ITEM1,1225,NOS,400
T040,3,Months,22-10-07,ITEM1,16,NOS,500
T040,6,Months,27-10-07,ITEM1,30,NOS,385
E188,3,Months,10-01-08,ITEM1,1123,NOS,390
E188,3,Months,11-01-08,ITEM1,114,NOS,400
T040,2,Months,23-01-08,ITEM1,155,NOS,450
E188,4,Months,31-01-08,ITEM1,2047,NOS,400
P686,3,Months,29-02-08,ITEM1,246,NOS,6.55
T040,5,Months,11-04-08,ITEM1,205,NOS,440
T040,6,Weeks,07-06-08,ITEM1,17,NOS,600
T040,3,Months,19-06-08,ITEM1,381,NOS,450
T040,3,Months,19-06-08,ITEM1,100,NOS,510
T040,6,Months,24-06-08,ITEM1,3695,NOS,447.75
S046,4,Months,02-07-08,ITEM1,275,NOS,477
T019,1,Months,18-07-08,ITEM1,77,NOS,550
T040,3,Months,31-07-08,ITEM1,662,NOS,500
T040,4,Months,12-08-08,ITEM1,28,NOS,540
T040,4,Months,19-08-08,ITEM1,432,NOS,575
T040,3,Months,05-09-08,ITEM1,89,NOS,540
A225,4,Months,13-09-08,ITEM1,161,NOS,525
T040,4,Months,17-09-08,ITEM1,1310,NOS,520
A225,12,Weeks,03-10-08,ITEM1,11,NOS,580
T019,4,Months,22-10-08,ITEM1,436,NOS,415
T019,5,Months,15-11-08,ITEM1,100,NOS,550
T040,75,Days,18-11-08,ITEM1,39,NOS,504
E188,4,Weeks,05-12-08,ITEM1,145,NOS,530
T040,3,Months,20-01-09,ITEM1,5,NOS,540
G125,4,Months,03-02-09,ITEM1,240,NOS,425.7
T040,8,Weeks,03-02-09,ITEM1,19,NOS,450
T040,8,Weeks,10-02-09,ITEM1,19,NOS,475
S046,6,Weeks,14-02-09,ITEM1,20,NOS,555
T040,8,Months,14-02-09,ITEM1,700,NOS,432
T040,4,Months,27-02-09,ITEM1,647,NOS,450
T019,5,Months,02-03-09,ITEM1,100,NOS,550
T040,47,Months,05-03-09,ITEM1,70,NOS,490
S046,6,Months,13-03-09,ITEM1,47,NOS,412
T040,3,Months,27-03-09,ITEM1,1,NOS,522
T040,3,Months,01-04-09,ITEM1,210,NOS,432
T040,3,Months,06-04-09,ITEM1,239,NOS,432
T040,4,Months,07-04-09,ITEM1,1535,NOS,414
T040,4,Weeks,08-04-09,ITEM1,72,NOS,540
T019,5,Months,08-05-09,ITEM1,351,NOS,425
S046,3,Weeks,19-05-09,ITEM1,96,NOS,420
S046,3,Months,22-05-09,ITEM1,1100,NOS,412
G125,4,Months,04-06-09,ITEM1,5,NOS,440
T019,5,Months,21-06-09,ITEM1,326,NOS,425
A225,2,Weeks,24-06-09,ITEM1,3,NOS,567
I594,2,Months,06-07-09,ITEM1,460,NOS,6
T019,3,Months,10-07-09,ITEM1,122,NOS,425
T019,6,Weeks,23-07-09,ITEM1,11,NOS,425
S046,12,Weeks,04-08-09,ITEM1,4368,NOS,341.13
T040,4,Months,07-08-09,ITEM1,606,NOS,405
T019,107,Days,12-08-09,ITEM1,137,NOS,365
T040,3,Weeks,21-08-09,ITEM1,24,NOS,480
T040,2,Weeks,28-08-09,ITEM1,459,NOS,575
S046,2,Months,31-08-09,ITEM1,24,NOS,405
T040,3,Months,31-08-09,ITEM1,118,NOS,432
T019,4,Weeks,10-09-09,ITEM1,200,NOS,425
I594,1,Months,19-09-09,ITEM1,231,NOS,7
D111,10,Weeks,19-09-09,ITEM1,354,NOS,395
T040,4,Months,22-10-09,ITEM1,75,NOS,470
D111,2,Months,23-10-09,ITEM1,171,NOS,395
T040,2,Weeks,30-10-09,ITEM1,14,NOS,540
D111,4,Months,09-11-09,ITEM1,51,NOS,375
T019,2,Weeks,09-11-09,ITEM1,4,NOS,400
S046,3,Months,27-11-09,ITEM1,2957,NOS,361.8
M057,1,Weeks,30-11-09,ITEM1,54,NOS,511
T019,1,Months,18-12-09,ITEM1,393,NOS,400
T019,5,Weeks,18-12-09,ITEM1,80,NOS,400
S046,5,Months,19-12-09,ITEM1,2106,NOS,383
T040,2,Weeks,23-01-10,ITEM1,5,NOS,475
D111,4,Months,28-01-10,ITEM1,201,NOS,383
T019,3,Months,04-02-10,ITEM1,102,NOS,350
T040,4,Months,22-03-10,ITEM1,527,NOS,375
D111,15,Weeks,26-03-10,ITEM1,106,NOS,395
T040,4,Months,26-03-10,ITEM1,52,NOS,450
T019,5,Weeks,05-04-10,ITEM1,69,NOS,375
T040,8,Weeks,21-04-10,ITEM1,38,NOS,405
T019,5,Weeks,05-05-10,ITEM1,69,NOS,375
T019,4,Weeks,13-05-10,ITEM1,30,NOS,425
T040,3,Months,17-05-10,ITEM1,95,NOS,375
T040,2,Months,18-05-10,ITEM1,885,NOS,425
T040,2,Months,21-05-10,ITEM1,128,NOS,400
T040,4,Months,07-06-10,ITEM1,354,NOS,380
S265,5,Months,02-07-10,ITEM1,192,NOS,365
T040,3,Months,14-07-10,ITEM1,46,NOS,450
P686,8,Weeks,14-07-10,ITEM1,317,NOS,6.84
T019,3,Months,27-07-10,ITEM1,491,NOS,375
T040,2,Months,02-08-10,ITEM1,0,NOS,405
M057,1,Weeks,03-08-10,ITEM1,0,NOS,511
T019,4,Months,06-08-10,ITEM1,71,NOS,375
S265,5,Months,10-08-10,ITEM1,2335,NOS,365
T040,4,Months,23-08-10,ITEM1,353,NOS,380
T019,3,Months,31-08-10,ITEM1,166,NOS,375
T040,5,Weeks,02-09-10,ITEM1,278,NOS,420
T019,12,Weeks,01-10-10,ITEM1,34,NOS,400
S265,4,Weeks,13-01-11,ITEM1,8,NOS,560
T040,4,Months,10-02-11,ITEM1,827,NOS,355
T226,1,Months,11-02-11,ITEM1,51,NOS,495
T040,6,Months,11-02-11,ITEM1,104,NOS,390
H644,5,Months,18-02-11,ITEM1,115,NOS,5.86
T040,3,Months,14-03-11,ITEM1,936,NOS,390
S046,4,Months,07-04-11,ITEM1,204,NOS,410
T226,1,Months,08-04-11,ITEM1,21,NOS,495
T040,5,Months,03-05-11,ITEM1,290,NOS,375
T019,3,Months,07-05-11,ITEM1,46,NOS,375
T019,0,Months,17-05-11,ITEM1,0,NOS,400
T040,3,Months,18-05-11,ITEM1,600,NOS,390
T040,15,Days,31-05-11,ITEM1,25,NOS,900
T040,5,Months,01-06-11,ITEM1,1033,NOS,385
T040,5,Months,14-06-11,ITEM1,23,NOS,385
T221,4,Months,24-06-11,ITEM1,740,NOS,390
T226,10,Days,15-07-11,ITEM1,42,NOS,880
H644,5,Months,21-07-11,ITEM1,9,NOS,7.62
M057,4,Weeks,26-07-11,ITEM1,32,NOS,568
T040,4,Months,03-08-11,ITEM1,98,NOS,430
D111,16,Weeks,08-08-11,ITEM1,810,NOS,395
T040,6,Months,08-08-11,ITEM1,49,NOS,430
D111,6,Months,15-09-11,ITEM1,20,NOS,395
T221,4,Months,23-09-11,ITEM1,2,NOS,441
T040,3,Months,26-09-11,ITEM1,1332,NOS,410
~1228,1,Days,20-10-11,ITEM1,2,NOS,1
T040,4,Months,21-10-11,ITEM1,445,NOS,395
T040,4,Months,25-10-11,ITEM1,331,NOS,415
D111,4,Months,17-11-11,ITEM1,871,NOS,435
T040,5,Months,23-11-11,ITEM1,124,NOS,375
T221,2,Months,14-12-11,ITEM1,80,NOS,410
T040,3,Months,27-12-11,ITEM1,100,NOS,390
D111,12,Weeks,10-01-12,ITEM1,7,NOS,514
T040,4,Months,16-01-12,ITEM1,15,NOS,460
G125,5,Weeks,25-01-12,ITEM1,9,NOS,835
T221,3,Months,27-02-12,ITEM1,48,NOS,414
T040,3,Months,07-03-12,ITEM1,35,NOS,445
T221,16,Weeks,30-03-12,ITEM1,146,NOS,426
T040,5,Months,03-04-12,ITEM1,911,NOS,420
T221,0,Months,18-04-12,ITEM1,0,NOS,412
T040,3,Months,02-05-12,ITEM1,94,NOS,430
T226,5,Months,16-05-12,ITEM1,960,NOS,425
T040,3,Months,13-07-12,ITEM1,180,NOS,425
T040,3,Months,09-08-12,ITEM1,35,NOS,445
M057,6,Weeks,29-08-12,ITEM1,2,NOS,625
T040,2,Months,30-08-12,ITEM1,45,NOS,455
T040,5,Months,07-09-12,ITEM1,223,NOS,420
S265,2,Months,07-09-12,ITEM1,385,NOS,450
S265,2,Months,11-10-12,ITEM1,39,NOS,450
T040,3,Months,18-10-12,ITEM1,115,NOS,440
S265,14,Weeks,29-10-12,ITEM1,336,NOS,400
T040,10,Weeks,31-10-12,ITEM1,49,NOS,455
S265,4,Months,24-11-12,ITEM1,4631,NOS,390
T221,10,Weeks,16-01-13,ITEM1,73,NOS,421
T226,10,Weeks,13-02-13,ITEM1,509,NOS,500
D111,3,Months,15-02-13,ITEM1,388,NOS,395
T040,6,Months,26-02-13,ITEM1,1061,NOS,385
T040,10,Weeks,12-04-13,ITEM1,308,NOS,419
D111,3,Months,22-04-13,ITEM1,50,NOS,395
T019,6,Weeks,23-04-13,ITEM1,14,NOS,600
T040,3,Months,19-06-13,ITEM1,160,NOS,425
T040,2,Months,25-06-13,ITEM1,45,NOS,455
G125,15,Days,05-08-13,ITEM1,157,NOS,398
D111,3,Months,08-08-13,ITEM1,19,NOS,395
D111,4,Months,04-09-13,ITEM1,812,NOS,356
D111,12,Weeks,04-09-13,ITEM1,579,NOS,395
S265,8,Weeks,20-09-13,ITEM1,33,NOS,440
T040,10,Weeks,26-09-13,ITEM1,163,NOS,455
S265,2,Weeks,11-10-13,ITEM1,91,NOS,480
S265,8,Weeks,14-11-13,ITEM1,46,NOS,495
T221,6,Weeks,14-11-13,ITEM1,11,NOS,473.89
M057,2,Weeks,21-11-13,ITEM1,20,NOS,625
E188,3,Weeks,29-11-13,ITEM1,15,NOS,733
S265,10,Weeks,29-11-13,ITEM1,32,NOS,485
D111,4,Months,31-12-13,ITEM1,761,NOS,415
T040,3,Months,01-01-14,ITEM1,101,NOS,425
E188,4,Months,03-01-14,ITEM1,588,NOS,423
T040,4,Months,22-01-14,ITEM1,135,NOS,430
M057,3,Weeks,29-01-14,ITEM1,17,NOS,625
M057,2,Weeks,25-04-14,ITEM1,14,NOS,625
P315,2,Months,07-05-14,ITEM1,785,NOS,410
P315,3,Months,26-05-14,ITEM1,406,NOS,435
C209,2,Months,23-06-14,ITEM1,422,NOS,590
T019,3,Months,27-06-14,ITEM1,94,NOS,521.9
S265,3,Months,30-06-14,ITEM1,376,NOS,525
D111,4,Months,19-08-14,ITEM1,761,NOS,415
Y634,1,Months,19-08-14,ITEM1,36,NOS,7.2
G125,5,Months,21-08-14,ITEM1,75,NOS,555
S102,2,Weeks,18-09-14,ITEM1,25,NOS,850
D111,3,Months,17-10-14,ITEM1,1798,NOS,474
T019,4,Months,27-10-14,ITEM1,551,NOS,600
S265,3,Months,23-12-14,ITEM1,376,NOS,525
P315,3,Months,03-01-15,ITEM1,307,NOS,435
E188,2,Weeks,06-01-15,ITEM1,25,NOS,702
T019,4,Months,09-02-15,ITEM1,246,NOS,600
Y634,5,Months,11-02-15,ITEM1,10,NOS,7.2
P315,3,Months,12-03-15,ITEM1,99,NOS,435
D111,3,Months,16-03-15,ITEM1,1273,NOS,474
P686,4,Months,08-04-15,ITEM1,50,NOS,8.85
P340,2,Weeks,09-06-15,ITEM1,45,NOS,652
Y634,45,Days,25-06-15,ITEM1,68,NOS,7.2
Y634,45,Days,25-06-15,ITEM1,68,NOS,7.2
D111,3,Months,06-07-15,ITEM1,525,NOS,474
T019,2,Months,03-08-15,ITEM1,274,NOS,650
C209,3,Months,12-08-15,ITEM1,115,NOS,500
Y634,45,Days,27-08-15,ITEM1,54,NOS,7.2
C209,8,Weeks,10-09-15,ITEM1,38,NOS,500
A225,5,Months,06-11-15,ITEM1,38,NOS,430
D111,3,Months,24-11-15,ITEM1,99,NOS,430.5
C209,6,Weeks,16-12-15,ITEM1,7,NOS,460.97
Y634,4,Weeks,16-12-15,ITEM1,31,NOS,6.3
C209,6,Weeks,18-12-15,ITEM1,54,NOS,469.09
Y634,4,Weeks,18-12-15,ITEM1,218,NOS,6.3
A225,5,Months,31-12-15,ITEM1,38,NOS,430
C209,3,Months,05-01-16,ITEM1,79,NOS,500
C209,8,Weeks,11-01-16,ITEM1,479,NOS,500
T221,2,Months,30-01-16,ITEM1,43,NOS,480.71
C209,2,Months,30-01-16,ITEM1,44,NOS,470.53
T019,2,Months,30-01-16,ITEM1,348,NOS,475
T221,2,Months,02-02-16,ITEM1,96,NOS,455
T221,6,Weeks,10-02-16,ITEM1,154,NOS,441
P315,6,Weeks,11-02-16,ITEM1,12,NOS,450
T221,4,Months,11-02-16,ITEM1,541,NOS,465
C209,7,Weeks,26-03-16,ITEM1,167,NOS,480
K218,2,Months,26-03-16,ITEM1,563,NOS,440
A225,4,Months,03-05-16,ITEM1,77,NOS,416
C209,5,Months,04-05-16,ITEM1,208,NOS,470
C209,45,Days,25-05-16,ITEM1,5,NOS,480
D111,4,Months,24-06-16,ITEM1,734,NOS,430
P315,2,Months,27-06-16,ITEM1,280,NOS,450
P315,2,Months,07-07-16,ITEM1,3,NOS,490
T221,8,Weeks,21-07-16,ITEM1,20,NOS,455
C209,2,Months,28-07-16,ITEM1,441,NOS,470
P315,6,Weeks,23-08-16,ITEM1,298,NOS,470
T221,6,Weeks,30-08-16,ITEM1,25,NOS,441.59
S265,6,Weeks,30-08-16,ITEM1,96,NOS,450
C209,3,Months,02-09-16,ITEM1,190,NOS,470
C209,5,Weeks,10-09-16,ITEM1,206,NOS,450
T221,6,Weeks,26-09-16,ITEM1,26,NOS,441
P315,3,Months,30-09-16,ITEM1,360,NOS,470
K218,2,Months,30-09-16,ITEM1,404,NOS,440
S265,6,Weeks,27-10-16,ITEM1,12,NOS,475
K218,4,Months,07-11-16,ITEM1,514,NOS,400
~0991,3,Months,11-11-16,ITEM1,103,NOS,350
D111,8,Months,16-11-16,ITEM1,184,NOS,1
M057,22,Weeks,23-11-16,ITEM1,326,NOS,1
D111,24,Weeks,24-11-16,ITEM1,11394,NOS,1
K218,2,Months,16-12-16,ITEM1,4,NOS,475
S265,2,Months,16-12-16,ITEM1,12,NOS,475
D111,4,Months,22-12-16,ITEM1,394,NOS,430
S265,6,Weeks,26-01-17,ITEM1,168,NOS,465
S265,10,Weeks,31-01-17,ITEM1,300,NOS,422
S265,10,Weeks,31-01-17,ITEM1,84,NOS,422
S265,10,Weeks,31-01-17,ITEM1,1516,NOS,422
S265,10,Weeks,31-01-17,ITEM1,1233,NOS,422
S265,10,Weeks,31-01-17,ITEM1,662,NOS,422
S265,2,Months,09-02-17,ITEM1,613,NOS,432
K218,4,Months,28-02-17,ITEM1,1010,NOS,390
P275,5,Months,06-03-17,ITEM1,1169,NOS,370
S265,45,Days,08-03-17,ITEM1,134,NOS,440
K218,45,Days,08-03-17,ITEM1,34,NOS,461.52
S265,7,Weeks,10-03-17,ITEM1,2,NOS,485
S265,7,Weeks,10-03-17,ITEM1,4,NOS,485
Y634,2,Months,31-03-17,ITEM1,390,NOS,5
Y634,2,Months,07-04-17,ITEM1,15,NOS,5.98
S265,2,Months,09-05-17,ITEM1,294,NOS,432
3637,2,Months,11-05-17,ITEM1,382,NOS,463
3637,45,Days,12-05-17,ITEM1,44,NOS,434
Y634,21,Weeks,16-06-17,ITEM1,346,NOS,5.14
Y634,21,Weeks,16-06-17,ITEM1,98,NOS,5.14
Y634,21,Weeks,16-06-17,ITEM1,570,NOS,5.14
Y634,21,Weeks,16-06-17,ITEM1,162,NOS,5.14
Y634,21,Weeks,16-06-17,ITEM1,78,NOS,5.14
Y634,2,Months,30-06-17,ITEM1,369,NOS,5.39
3637,3,Months,30-06-17,ITEM1,92,NOS,387.79
3637,2,Months,30-06-17,ITEM1,13,NOS,457
M057,8,Weeks,21-07-17,ITEM1,33,NOS,644.95
T226,24,Weeks,24-07-17,ITEM1,845,NOS,429
~0991,4,Months,13-09-17,ITEM1,231,NOS,415
Y634,3,Months,14-09-17,ITEM1,504,NOS,5.56
P275,10,Weeks,20-09-17,ITEM1,10,NOS,440
S265,2,Months,18-10-17,ITEM1,80,NOS,432
T226,10,Weeks,01-12-17,ITEM1,138,NOS,481.64
3637,24,Weeks,15-12-17,ITEM1,300,NOS,454
T221,2,Months,15-12-17,ITEM1,16,NOS,625
3637,24,Weeks,15-12-17,ITEM1,360,NOS,440
3637,24,Weeks,29-12-17,ITEM1,77,NOS,500
3637,24,Weeks,04-01-18,ITEM1,240,NOS,500
3637,24,Weeks,05-01-18,ITEM1,132,NOS,449.73
S265,24,Weeks,05-01-18,ITEM1,528,NOS,485
T226,90,Days,10-01-18,ITEM1,77,NOS,481.64
3637,6,Months,11-01-18,ITEM1,483,NOS,465.12
S265,2,Months,19-01-18,ITEM1,40,NOS,495
G125,20,Weeks,27-02-18,ITEM1,285,NOS,466
G125,24,Weeks,28-02-18,ITEM1,320,NOS,466
G125,20,Weeks,20-03-18,ITEM1,318,NOS,466
G125,20,Weeks,20-03-18,ITEM1,98,NOS,466
S265,4,Months,23-03-18,ITEM1,749,NOS,510
J614,24,Weeks,23-03-18,ITEM1,3067,NOS,6.26
J614,24,Weeks,23-03-18,ITEM1,3067,NOS,6.26
C209,6,Weeks,30-03-18,ITEM1,135,NOS,604
3637,4,Months,06-04-18,ITEM1,281,NOS,450
3637,4,Months,07-04-18,ITEM1,529,NOS,424
K218,15,Weeks,26-04-18,ITEM1,205,NOS,530
G125,10,Weeks,30-04-18,ITEM1,1407,NOS,491
80290,2,Weeks,01-06-18,ITEM1,8,NOS,355
K218,11,Weeks,28-06-18,ITEM1,503,NOS,530
S265,11,Weeks,29-06-18,ITEM1,100,NOS,540
S265,11,Weeks,29-06-18,ITEM1,325,NOS,540
S265,11,Weeks,29-06-18,ITEM1,282,NOS,540
80290,2,Weeks,05-07-18,ITEM1,29,NOS,535
S265,5,Months,06-07-18,ITEM1,8860,NOS,540
T226,11,Weeks,13-07-18,ITEM1,63,NOS,527.44
T221,11,Weeks,13-07-18,ITEM1,64,NOS,545.19
S265,11,Weeks,13-07-18,ITEM1,508,NOS,540
3637,6,Weeks,02-08-18,ITEM1,569,NOS,512
S265,8,Weeks,14-09-18,ITEM1,6,NOS,675
C209,3,Months,26-09-18,ITEM1,548,NOS,650
3637,5,Months,31-10-18,ITEM1,186,NOS,508.12
3637,4,Months,31-10-18,ITEM1,279,NOS,538
D111,12,Weeks,27-12-18,ITEM1,167,NOS,612
D111,12,Weeks,27-12-18,ITEM1,79,NOS,612
D111,12,Weeks,27-12-18,ITEM1,57,NOS,612
D111,12,Weeks,27-12-18,ITEM1,540,NOS,612
D111,12,Weeks,27-12-18,ITEM1,645,NOS,612
T226,8,Weeks,01-02-19,ITEM1,21,NOS,750
T019,10,Weeks,15-02-19,ITEM1,15,NOS,750
S859,2,Months,07-03-19,ITEM1,3,NOS,8.33
T556,2,Months,07-03-19,ITEM1,36,NOS,13.26
S859,2,Months,07-03-19,ITEM1,79,NOS,8.33
S859,2,Months,07-03-19,ITEM1,73,NOS,8.33
3637,4,Weeks,18-04-19,ITEM1,390,NOS,538
81641,2,Weeks,18-04-19,ITEM1,950,NOS,8.23
81587,26,Weeks,18-04-19,ITEM1,410,NOS,10.22
27489,6,Weeks,10-05-19,ITEM1,211,NOS,12.84
27489,6,Weeks,10-05-19,ITEM1,104,NOS,12.84
T221,4,Months,18-06-19,ITEM1,238,NOS,622
Y634,20,Weeks,10-07-19,ITEM1,330,NOS,1
3747,3,Months,03-09-19,ITEM1,13,NOS,740
P315,10,Weeks,04-10-19,ITEM1,872,NOS,640
3747,6,Weeks,18-10-19,ITEM1,425,NOS,640
P315,3,Months,08-11-19,ITEM1,77,NOS,595
D111,2,Weeks,30-11-19,ITEM1,80,NOS,722
P315,3,Weeks,14-12-19,ITEM1,165,NOS,1090
G125,20,Weeks,16-12-19,ITEM1,4,NOS,1500
D111,16,Weeks,18-12-19,ITEM1,482,NOS,628
Y634,2,Months,19-02-20,ITEM1,787,Nos,1
D111,9,Weeks,22-04-20,ITEM1,1378,NOS,570
D111,10,Weeks,17-07-20,ITEM1,265,NOS,570
Y634,14,Weeks,22-09-20,ITEM1,455,NOS.,1
T221,4,Weeks,22-09-20,ITEM1,101,NOS,621
S102,9,Weeks,22-10-20,ITEM1,140,NOS,595
M057,10,Weeks,24-12-20,ITEM1,33,NOS,687
P315,16,Weeks,25-01-21,ITEM1,206,NOS,1
S102,8,Weeks,25-03-21,ITEM1,6,NOS,640
M057,6,Weeks,08-06-21,ITEM1,782,NOS,756
Y634,10,Weeks,08-07-21,ITEM1,117,NOS,1
M057,4,Weeks,17-07-21,ITEM1,22,NOS,756
C209,6,Weeks,17-08-21,ITEM1,34,NOS,1
T040,1,Days,,ITEM1,390,NOS,400
F130,0,Years,,ITEM1,1412,NOS,230
T040,0,Years,21-08-01,ITEM3,671,NOS,550
T040,0,Years,20-11-01,ITEM3,515,NOS,550
F130,0,Years,11-04-02,ITEM3,2325,NOS,575
T040,0,Years,29-05-02,ITEM3,1120,NOS,548
F130,0,Years,01-08-02,ITEM3,819,NOS,575
T040,0,Years,16-10-02,ITEM3,458,NOS,580
T040,0,Years,08-01-03,ITEM3,642,NOS,550
T040,8,Weeks,11-01-03,ITEM3,2,NOS,650
T040,0,Years,30-01-03,ITEM3,256,NOS,570
D111,3,Months,06-03-03,ITEM3,381,NOS,537
D111,6,Weeks,17-05-03,ITEM3,4,NOS,612
T040,12,Weeks,01-07-03,ITEM3,427,NOS,590
T040,6,Weeks,04-07-03,ITEM3,358,NOS,575
D111,6,Weeks,18-08-03,ITEM3,117,NOS,568
S265,6,Months,02-09-03,ITEM3,1164,NOS,540
T040,3,Months,16-09-03,ITEM3,151,NOS,550
S265,4,Months,03-11-03,ITEM3,322,NOS,540
S265,4,Months,03-11-03,ITEM3,334,NOS,540
D111,6,Months,05-11-03,ITEM3,633,NOS,511.2
S265,6,Months,17-11-03,ITEM3,170,NOS,540
D111,8,Weeks,28-11-03,ITEM3,203,NOS,608
T040,3,Months,30-12-03,ITEM3,70,NOS,575
D111,3,Months,01-01-04,ITEM3,64,NOS,537
D111,8,Weeks,16-01-04,ITEM3,69,NOS,608
S265,4,Months,21-01-04,ITEM3,22,NOS,537.299
S265,4,Months,21-02-04,ITEM3,2188,NOS,640
T040,12,Weeks,15-03-04,ITEM3,80,NOS,625
T040,6,Weeks,19-03-04,ITEM3,6,NOS,875
T040,12,Weeks,02-04-04,ITEM3,113,NOS,725
T040,12,Weeks,21-05-04,ITEM3,318,NOS,870
T040,12,Weeks,21-05-04,ITEM3,385,NOS,860
C041,12,Weeks,26-05-04,ITEM3,40,NOS,880
T019,4,Months,14-06-04,ITEM3,3,NOS,995
A225,6,Weeks,25-06-04,ITEM3,62,NOS,900
N003,3,Months,23-07-04,ITEM3,482,NOS,695
T019,9,Weeks,11-08-04,ITEM3,0,NOS,1400
T040,14,Weeks,26-08-04,ITEM3,87,NOS,880
~5121,4,Months,01-09-04,ITEM3,524,NOS,13.1
T040,2,Months,02-09-04,ITEM3,18,NOS,925
N003,9,Weeks,15-09-04,ITEM3,294,NOS,725
~5121,6,Weeks,30-09-04,ITEM3,9,NOS,16.7
~5121,6,Weeks,30-09-04,ITEM3,231,NOS,16.7
T040,1,Weeks,01-10-04,ITEM3,230,NOS,990
P686,4,Weeks,06-10-04,ITEM3,178,NOS,15.4
T040,3,Months,05-11-04,ITEM3,786,NOS,945
T040,2,Months,07-12-04,ITEM3,273,NOS,900
N003,3,Months,07-12-04,ITEM3,137,NOS,900
M057,12,Weeks,19-01-05,ITEM3,2,NOS,1172
T040,16,Weeks,27-01-05,ITEM3,44,NOS,900
T040A,3,Months,28-01-05,ITEM3,174,NOS,900
T040,8,Weeks,31-01-05,ITEM3,67,NOS,950
T040,8,Weeks,19-02-05,ITEM3,100,NOS,950
T040,14,Weeks,28-02-05,ITEM3,189,NOS,1080
T040,9,Weeks,11-03-05,ITEM3,100,NOS,915
T040,6,Weeks,22-03-05,ITEM3,20,NOS,1125
T040,6,Weeks,22-03-05,ITEM3,14,NOS,1125
T040,10,Weeks,07-04-05,ITEM3,15,NOS,940
T019,4,Months,15-04-05,ITEM3,0,NOS,1250
T040,10,Weeks,19-04-05,ITEM3,110,NOS,1120
T019,4,Months,13-06-05,ITEM3,1474,NOS,1150
T040,8,Weeks,16-06-05,ITEM3,20,NOS,1200
T040,10,Weeks,17-06-05,ITEM3,19,NOS,1225
T040,4,Weeks,14-07-05,ITEM3,22,NOS,1080
T040,1,Months,26-07-05,ITEM3,27,NOS,915
T040,9,Weeks,31-08-05,ITEM3,140,NOS,1050
T040,3,Months,05-09-05,ITEM3,2131,NOS,1050
T040,3,Weeks,06-10-05,ITEM3,319,NOS,1200
T040,4,Weeks,07-10-05,ITEM3,40,NOS,1325
T040,8,Weeks,09-11-05,ITEM3,135,NOS,1040
T019,5,Months,20-12-05,ITEM3,1097,NOS,1500
T040,3,Months,17-02-06,ITEM3,2131,NOS,1050
T019,5,Months,27-02-06,ITEM3,155,NOS,1500
M057,4,Months,27-03-06,ITEM3,145,NOS,1136.08
T040,16,Weeks,13-04-06,ITEM3,426,NOS,1150
T019,4,Months,03-05-06,ITEM3,117,NOS,1300
T040,6,Weeks,12-05-06,ITEM3,8,NOS,1230
T019,5,Months,17-07-06,ITEM3,127,NOS,1500
P686,14,Weeks,25-08-06,ITEM3,356,NOS,12.11
T040,12,Weeks,31-08-06,ITEM3,479,NOS,1188
T040,6,Months,28-09-06,ITEM3,3990,NOS,936
T040,16,Weeks,23-10-06,ITEM3,426,NOS,1150
T040,5,Months,13-11-06,ITEM3,849,NOS,1035
T040,3,Months,08-05-07,ITEM3,13,NOS,1100
T040,4,Months,31-05-07,ITEM3,93,NOS,990
E188,5,Months,07-06-07,ITEM3,0,NOS,1156.4
M057,5,Months,07-06-07,ITEM3,16,NOS,1123
T040,6,Months,27-06-07,ITEM3,446,NOS,999
T040,4,Months,18-08-07,ITEM3,330,NOS,990
T019,3,Months,08-09-07,ITEM3,644,NOS,995
E188,4,Months,01-10-07,ITEM3,410,NOS,960
T040,6,Months,27-10-07,ITEM3,130,NOS,999
T040,3,Months,10-01-08,ITEM3,1764,NOS,918
E188,3,Months,11-01-08,ITEM3,155,NOS,990
T040,2,Months,23-01-08,ITEM3,8,NOS,1100
E188,4,Months,31-01-08,ITEM3,2161,NOS,960
P686,3,Months,29-02-08,ITEM3,345,NOS,17.06
T040,2,Months,15-03-08,ITEM3,8,NOS,1250
T040,5,Months,11-04-08,ITEM3,200,NOS,1010
T040,6,Weeks,07-06-08,ITEM3,45,NOS,1305
T040,3,Months,19-06-08,ITEM3,192,NOS,1225
T040,3,Months,19-06-08,ITEM3,133,NOS,1250
T040,6,Months,24-06-08,ITEM3,3990,NOS,1074.6
P275,4,Months,02-07-08,ITEM3,125,NOS,1166
T040,1,Months,18-07-08,ITEM3,60,NOS,1350
T040,3,Months,31-07-08,ITEM3,871,NOS,1200
T019,4,Months,12-08-08,ITEM3,7,NOS,1200
T040,4,Months,19-08-08,ITEM3,142,NOS,1230
T040,3,Months,05-09-08,ITEM3,29,NOS,1305
A225,4,Months,13-09-08,ITEM3,138,NOS,1220
T040,4,Months,17-09-08,ITEM3,842,NOS,1350
A225,12,Weeks,03-10-08,ITEM3,6,NOS,1150
T019,4,Months,22-10-08,ITEM3,466,NOS,1050
T040,3,Months,31-10-08,ITEM3,17,NOS,1380
T040,5,Months,15-11-08,ITEM3,26,NOS,1350
T040,75,Days,18-11-08,ITEM3,12,NOS,1260
T040,3,Months,20-01-09,ITEM3,61,NOS,1260
T040,2,Weeks,22-01-09,ITEM3,220,NOS,1350
T040,8,Weeks,03-02-09,ITEM3,15,NOS,1170
G125,4,Months,03-02-09,ITEM3,77,NOS,941.7
A225,8,Weeks,10-02-09,ITEM3,6,NOS,1220
T040,8,Months,14-02-09,ITEM3,300,NOS,1080
T040A,6,Weeks,21-02-09,ITEM3,184,NOS,1080
T040,4,Months,27-02-09,ITEM3,1077,NOS,1125
T040,5,Months,02-03-09,ITEM3,26,NOS,1350
T040,47,Months,05-03-09,ITEM3,205,NOS,1200
S046,6,Months,13-03-09,ITEM3,73,NOS,986
M057,6,Weeks,26-03-09,ITEM3,15,NOS,1236
M057,6,Weeks,26-03-09,ITEM3,15,,0
T040,3,Months,27-03-09,ITEM3,10,NOS,1058
G125,3,Months,01-04-09,ITEM3,250,NOS,1050
T019,3,Months,06-04-09,ITEM3,431,NOS,1050
G125,4,Months,07-04-09,ITEM3,897,NOS,980
T040,4,Weeks,08-04-09,ITEM3,23,NOS,1170
T040,5,Months,08-05-09,ITEM3,233,NOS,1040
S046,3,Weeks,19-05-09,ITEM3,85,NOS,981
S046,3,Months,22-05-09,ITEM3,100,NOS,985
G125,4,Months,04-06-09,ITEM3,74,NOS,1030
A225,2,Weeks,24-06-09,ITEM3,41,NOS,1288
I594,2,Months,06-07-09,ITEM3,557,NOS,14
T019,3,Months,10-07-09,ITEM3,123,NOS,925
T019,6,Weeks,23-07-09,ITEM3,2,NOS,1000
S046,12,Weeks,04-08-09,ITEM3,2942,NOS,812.57
T040,4,Months,07-08-09,ITEM3,649,NOS,875
T019,107,Days,12-08-09,ITEM3,222,NOS,825
T040,5,Months,24-08-09,ITEM3,233,NOS,1040
T040,3,Months,31-08-09,ITEM3,3,NOS,1080
S046,2,Months,31-08-09,ITEM3,40,NOS,942
T040,4,Weeks,10-09-09,ITEM3,51,NOS,1035
T040,2,Months,19-09-09,ITEM3,271,NOS,970
T040,10,Weeks,19-09-09,ITEM3,43,NOS,990
S046,3,Months,30-09-09,ITEM3,89,NOS,667
T040,4,Months,22-10-09,ITEM3,85,NOS,990
T040,2,Months,23-10-09,ITEM3,220,NOS,870
T040A,6,Weeks,03-11-09,ITEM3,184,NOS,1080
T019,2,Weeks,09-11-09,ITEM3,5,NOS,900
D111,4,Months,09-11-09,ITEM3,72,NOS,873
T019,3,Months,27-11-09,ITEM3,1268,NOS,882
T040,1,Weeks,30-11-09,ITEM3,25,NOS,1080
T040,5,Weeks,18-12-09,ITEM3,96,NOS,870
S046,5,Months,19-12-09,ITEM3,2700,NOS,860
T040,5,Months,25-01-10,ITEM3,26,NOS,1350
T040,2,Weeks,25-01-10,ITEM3,2,NOS,1250
S046,3,Months,27-01-10,ITEM3,90,NOS,860
T040,4,Months,28-01-10,ITEM3,130,NOS,850
T040,3,Months,19-03-10,ITEM3,752,NOS,750
G125,4,Months,22-03-10,ITEM3,72,NOS,800
G125,4,Months,26-03-10,ITEM3,4,NOS,1020
T040,15,Weeks,26-03-10,ITEM3,72,NOS,918
T040,5,Weeks,05-04-10,ITEM3,667,NOS,870
G125,3,Months,17-05-10,ITEM3,58,NOS,945
T040,2,Months,18-05-10,ITEM3,330,NOS,960
T040,2,Months,21-05-10,ITEM3,143,NOS,900
A225,2,Weeks,26-05-10,ITEM3,31,NOS,1100
G125,4,Months,07-06-10,ITEM3,45,NOS,945
T019,5,Months,06-07-10,ITEM3,134,NOS,900
T040,3,Months,14-07-10,ITEM3,30,NOS,990
T019,2,Months,14-07-10,ITEM3,12,NOS,825
T019,2,Months,14-07-10,ITEM3,125,NOS,825
T019,3,Months,27-07-10,ITEM3,767,NOS,825
T040,2,Months,02-08-10,ITEM3,0,NOS,900
T019,4,Months,06-08-10,ITEM3,377,NOS,825
T040,5,Months,10-08-10,ITEM3,2201,NOS,900
T019,3,Months,31-08-10,ITEM3,363,NOS,825
T040,5,Weeks,02-09-10,ITEM3,110,NOS,1025
T019,12,Weeks,01-10-10,ITEM3,12,NOS,900
T019,3,Months,19-10-10,ITEM3,69,NOS,900
T019,10,Weeks,29-10-10,ITEM3,49,NOS,1000
T040,10,Weeks,21-12-10,ITEM3,9,NOS,990
M057,4,Weeks,13-01-11,ITEM3,9,NOS,1236
T040,4,Months,10-02-11,ITEM3,82,NOS,860
T040,6,Months,18-02-11,ITEM3,48,NOS,935
T040,3,Months,14-03-11,ITEM3,85,NOS,925
T040,4,Months,07-04-11,ITEM3,39,NOS,925
T226,6,Weeks,21-04-11,ITEM3,100,NOS,1000
T040,5,Months,03-05-11,ITEM3,271,NOS,940
T019,3,Months,07-05-11,ITEM3,197,NOS,825
T019,0,Months,17-05-11,ITEM3,0,NOS,1000
T040,3,Months,18-05-11,ITEM3,300,NOS,940
T040,5,Months,01-06-11,ITEM3,536,NOS,940
T040,5,Months,14-06-11,ITEM3,58,NOS,930
M057,1,Weeks,18-06-11,ITEM3,48,NOS,1400.8
T221,4,Months,24-06-11,ITEM3,70,NOS,925
M057,10,Days,04-07-11,ITEM3,13,NOS,1423
M057,2,Weeks,08-07-11,ITEM3,7,NOS,1400.8
T226,10,Days,15-07-11,ITEM3,61,NOS,1920
M057,4,Weeks,26-07-11,ITEM3,13,NOS,1360
T040,4,Months,03-08-11,ITEM3,4,NOS,1100
T040,16,Weeks,08-08-11,ITEM3,181,NOS,1000
D111,6,Months,15-09-11,ITEM3,30,NOS,1040
T040,3,Months,26-09-11,ITEM3,1750,NOS,980
T040,4,Months,21-10-11,ITEM3,515,NOS,950
T221,4,Months,25-10-11,ITEM3,144,NOS,981
T040,14,Weeks,04-11-11,ITEM3,486,NOS,1025
D111,4,Months,17-11-11,ITEM3,633,NOS,1092
T040,5,Months,23-11-11,ITEM3,74,NOS,940
T221,2,Months,14-12-11,ITEM3,140,NOS,1133
T040,3,Months,27-12-11,ITEM3,150,NOS,940
D111,12,Weeks,10-01-12,ITEM3,6,NOS,1352
G125,5,Weeks,25-01-12,ITEM3,2,NOS,1780
G125,3,Months,27-02-12,ITEM3,50,NOS,988
T221,16,Weeks,16-03-12,ITEM3,81,NOS,989
G125,16,Weeks,30-03-12,ITEM3,89,NOS,1027
T040,5,Months,03-04-12,ITEM3,654,NOS,1040
T221,0,Months,18-04-12,ITEM3,0,NOS,1021
G125,3,Months,02-05-12,ITEM3,52,NOS,975
G125,3,Months,31-05-12,ITEM3,33,NOS,975
D111,12,Weeks,03-07-12,ITEM3,206,NOS,1144
T040,3,Months,13-07-12,ITEM3,52,NOS,1065
T040,5,Months,07-09-12,ITEM3,173,NOS,1040
S265,2,Months,07-09-12,ITEM3,13,NOS,1220
S265,2,Months,11-10-12,ITEM3,13,NOS,1220
T040,3,Months,18-10-12,ITEM3,156,NOS,1090
S265,14,Weeks,29-10-12,ITEM3,145,NOS,1030
W615,8,Weeks,31-10-12,ITEM3,30,NOS,79.5
T221,2,Months,12-11-12,ITEM3,47,NOS,1277
S265,4,Months,24-11-12,ITEM3,2695,NOS,980
T040,2,Months,03-01-13,ITEM3,31,NOS,1250
T226,10,Weeks,13-02-13,ITEM3,125,NOS,1060
T040,6,Months,26-02-13,ITEM3,1233,NOS,950
E188,8,Weeks,15-03-13,ITEM3,105,NOS,1098
T040,10,Weeks,12-04-13,ITEM3,174,NOS,1010
M057,6,Weeks,18-04-13,ITEM3,18,NOS,1496
T040,6,Weeks,23-04-13,ITEM3,10,NOS,1400
T040,3,Months,19-06-13,ITEM3,48,NOS,1020
D111,2,Months,05-07-13,ITEM3,30,NOS,915
C209,15,Days,05-08-13,ITEM3,8,NOS,1400
S265,6,Weeks,27-08-13,ITEM3,82,NOS,1010
D111,12,Weeks,04-09-13,ITEM3,363,NOS,1040
D111,4,Months,04-09-13,ITEM3,2457,NOS,884
S265,8,Weeks,20-09-13,ITEM3,19,NOS,1050
T040,10,Weeks,26-09-13,ITEM3,67,NOS,1125
S265,2,Weeks,11-10-13,ITEM3,11,NOS,1160
S265,8,Weeks,14-11-13,ITEM3,24,NOS,1200
E188,4,Weeks,14-11-13,ITEM3,2,NOS,1221.77
T221,6,Weeks,14-11-13,ITEM3,3,NOS,1148.83
M057,2,Weeks,21-11-13,ITEM3,36,NOS,1496
E188,3,Weeks,29-11-13,ITEM3,12,NOS,1606
D111,4,Months,31-12-13,ITEM3,1126,NOS,1040
T040,3,Months,01-01-14,ITEM3,23,NOS,1020
E188,4,Months,03-01-14,ITEM3,255,NOS,1007
T019,3,Weeks,21-01-14,ITEM3,37,NOS,1400
T040,4,Months,22-01-14,ITEM3,49,NOS,1040
T221,3,Months,02-04-14,ITEM3,3,NOS,1307
M057,2,Weeks,25-04-14,ITEM3,2,NOS,1496
P315,2,Months,07-05-14,ITEM3,417,NOS,1160
P315,3,Months,26-05-14,ITEM3,1351,NOS,1235
C209,2,Months,23-06-14,ITEM3,304,NOS,1400
T019,3,Months,27-06-14,ITEM3,326,NOS,1250
Y634,1,Months,19-08-14,ITEM3,27,NOS,18.36
D111,4,Months,19-08-14,ITEM3,1126,NOS,1040
G125,5,Months,21-08-14,ITEM3,28,NOS,1284
C209,2,Weeks,18-09-14,ITEM3,25,NOS,1700
T019,1,Weeks,07-10-14,ITEM3,48,NOS,1250
T221,3,Months,07-10-14,ITEM3,7,NOS,1386
D111,3,Months,17-10-14,ITEM3,858,NOS,1040
G125,4,Months,07-11-14,ITEM3,121,NOS,1308
S102,2,Months,22-12-14,ITEM3,96,NOS,1210
G125,4,Months,09-02-15,ITEM3,84,NOS,1308
D111,3,Months,16-03-15,ITEM3,515,NOS,1040
S102,4,Months,31-03-15,ITEM3,850,NOS,1210
D111,5,Months,08-04-15,ITEM3,70,NOS,1150
Y634,45,Days,25-06-15,ITEM3,60,NOS,18.36
Y634,45,Days,25-06-15,ITEM3,60,NOS,18.36
D111,3,Months,06-07-15,ITEM3,232,NOS,1040
T019,2,Months,03-08-15,ITEM3,742,NOS,1175
D111,5,Months,05-08-15,ITEM3,20,NOS,1150
G125,3,Months,12-08-15,ITEM3,75,NOS,1130
Y634,45,Days,27-08-15,ITEM3,38,NOS,18.36
G125,8,Weeks,10-09-15,ITEM3,42,NOS,1071
T019,2,Months,10-09-15,ITEM3,281,NOS,1175
A225,5,Months,06-11-15,ITEM3,51,NOS,1050
G125,3,Months,04-12-15,ITEM3,46,NOS,1130
Y634,4,Weeks,16-12-15,ITEM3,34,NOS,16.07
C209,6,Weeks,16-12-15,ITEM3,8,NOS,1175.84
C209,6,Weeks,18-12-15,ITEM3,238,NOS,1180
A225,5,Months,31-12-15,ITEM3,51,NOS,1050
C209,3,Months,05-01-16,ITEM3,106,NOS,1210
C209,8,Weeks,11-01-16,ITEM3,144,NOS,1200
C209,2,Months,30-01-16,ITEM3,44,NOS,1030.21
T019,2,Months,30-01-16,ITEM3,176,NOS,1040
T221,6,Weeks,10-02-16,ITEM3,13,NOS,1095
T019,6,Weeks,11-02-16,ITEM3,7,NOS,1200
T221,4,Months,11-02-16,ITEM3,24,NOS,1182
K218,2,Months,26-03-16,ITEM3,138,NOS,1100
C209,6,Weeks,25-04-16,ITEM3,205,NOS,1050
A225,4,Months,03-05-16,ITEM3,26,NOS,980
C209,5,Months,04-05-16,ITEM3,640,NOS,1060
C209,45,Days,25-05-16,ITEM3,2,NOS,1100
Y634,2,Weeks,07-06-16,ITEM3,12,NOS,15
T019,4,Months,24-06-16,ITEM3,878,NOS,1025
P315,2,Months,27-06-16,ITEM3,340,NOS,985
P315,2,Months,07-07-16,ITEM3,9,NOS,1190
C209,8,Weeks,21-07-16,ITEM3,18,NOS,1050
C209,2,Months,28-07-16,ITEM3,150,NOS,1050
P315,6,Weeks,23-08-16,ITEM3,311,NOS,1050
P315,3,Months,02-09-16,ITEM3,60,NOS,1050
C209,5,Weeks,10-09-16,ITEM3,192,NOS,1050
P315,6,Weeks,28-09-16,ITEM3,199,NOS,1050
P315,3,Months,30-09-16,ITEM3,304,NOS,1100
K218,4,Months,07-11-16,ITEM3,436,NOS,990
~0991,3,Months,11-11-16,ITEM3,75,NOS,900
D111,8,Months,16-11-16,ITEM3,7,NOS,1
D111,22,Weeks,23-11-16,ITEM3,294,NOS,1
D111,24,Weeks,24-11-16,ITEM3,7608,NOS,1
80293,20,Days,02-12-16,ITEM3,12,NOS,1100
S265,2,Months,16-12-16,ITEM3,16,NOS,1100
K218,2,Months,16-12-16,ITEM3,5,NOS,1100
T019,4,Months,22-12-16,ITEM3,122,NOS,1025
S265,6,Weeks,26-01-17,ITEM3,9,NOS,1080
S265,10,Weeks,31-01-17,ITEM3,76,NOS,1040
S265,10,Weeks,31-01-17,ITEM3,2,NOS,1040
S265,10,Weeks,31-01-17,ITEM3,25,NOS,1040
S265,10,Weeks,31-01-17,ITEM3,124,NOS,1040
S265,10,Weeks,31-01-17,ITEM3,84,NOS,1040
S265,2,Months,09-02-17,ITEM3,1155,NOS,1040
80566,3,Weeks,15-02-17,ITEM3,70,NOS,1031
~0991,4,Months,28-02-17,ITEM3,485,NOS,988
P275,5,Months,06-03-17,ITEM3,678,NOS,960
K218,45,Days,08-03-17,ITEM3,17,NOS,1101.34
S265,45,Days,08-03-17,ITEM3,64,NOS,1050
S265,7,Weeks,10-03-17,ITEM3,7,NOS,1180
S265,7,Weeks,10-03-17,ITEM3,6,NOS,1180
K218,3,Months,30-03-17,ITEM3,142,NOS,995
K218,3,Months,02-05-17,ITEM3,177,NOS,1100
S265,2,Months,09-05-17,ITEM3,151,NOS,1040
3637,2,Months,11-05-17,ITEM3,11,NOS,1061
K218,3,Months,26-05-17,ITEM3,81,NOS,1100
Y634,21,Weeks,16-06-17,ITEM3,1950,NOS,12.7
Y634,21,Weeks,16-06-17,ITEM3,140,NOS,12.7
Y634,21,Weeks,16-06-17,ITEM3,4,NOS,12.7
Y634,21,Weeks,16-06-17,ITEM3,343,NOS,12.7
Y634,21,Weeks,16-06-17,ITEM3,290,NOS,12.7
K218,2,Months,30-06-17,ITEM3,18,NOS,1200
Y634,2,Months,30-06-17,ITEM3,824,NOS,13.25
3637,3,Months,30-06-17,ITEM3,205,NOS,953.28
T226,24,Weeks,24-07-17,ITEM3,1064,NOS,1090
3637,4,Months,13-09-17,ITEM3,160,NOS,1105
K218,3,Months,14-09-17,ITEM3,152,NOS,1100
Y634,4,Weeks,15-09-17,ITEM3,25,NOS,13.77
P275,10,Weeks,20-09-17,ITEM3,180,NOS,1040
S265,2,Months,18-10-17,ITEM3,35,NOS,1040
3637,24,Weeks,15-12-17,ITEM3,440,NOS,1100
3637,24,Weeks,15-12-17,ITEM3,950,NOS,1110
P315,24,Weeks,29-12-17,ITEM3,90,NOS,1250
P315,24,Weeks,04-01-18,ITEM3,440,NOS,1250
3637,24,Weeks,05-01-18,ITEM3,840,NOS,1162
3637,6,Months,11-01-18,ITEM3,123,NOS,1194.42
S265,2,Months,19-01-18,ITEM3,28,NOS,1260
G125,45,Days,30-01-18,ITEM3,180,NOS,1249
G125,24,Weeks,28-02-18,ITEM3,402,NOS,1130
G125,20,Weeks,20-03-18,ITEM3,384,NOS,1130
G125,20,Weeks,20-03-18,ITEM3,24,NOS,1130
J614,24,Weeks,23-03-18,ITEM3,2063,NOS,13.8
J614,24,Weeks,23-03-18,ITEM3,2063,NOS,13.8
S265,4,Months,23-03-18,ITEM3,1107,NOS,1250
C209,6,Weeks,30-03-18,ITEM3,58,NOS,1537
3637,4,Months,07-04-18,ITEM3,187,NOS,1089
G125,15,Weeks,26-04-18,ITEM3,7,NOS,1190
G125,10,Weeks,30-04-18,ITEM3,749,NOS,1130
K218,11,Weeks,28-06-18,ITEM3,116,NOS,1200
K218,11,Weeks,29-06-18,ITEM3,108,NOS,1200
K218,11,Weeks,29-06-18,ITEM3,200,NOS,1200
K218,11,Weeks,29-06-18,ITEM3,191,NOS,1200
T226,5,Months,06-07-18,ITEM3,5770,NOS,1225
K218,11,Weeks,13-07-18,ITEM3,522,NOS,1230
T226,6,Weeks,02-08-18,ITEM3,510,NOS,1250
C209,3,Months,26-09-18,ITEM3,827,NOS,1650
3637,5,Months,31-10-18,ITEM3,105,NOS,1256.44
3637,4,Months,31-10-18,ITEM3,71,NOS,1361
K218,12,Weeks,24-12-18,ITEM3,68,NOS,1700
K218,12,Weeks,24-12-18,ITEM3,57,NOS,1700
K218,12,Weeks,24-12-18,ITEM3,355,NOS,1700
K218,12,Weeks,24-12-18,ITEM3,693,NOS,1700
S265,6,Weeks,27-12-18,ITEM3,143,NOS,1875
3637,6,Weeks,27-12-18,ITEM3,48,NOS,1826.09
T019,10,Weeks,15-02-19,ITEM3,46,NOS,1600
T556,2,Months,07-03-19,ITEM3,54,NOS,32.1
S859,2,Months,07-03-19,ITEM3,28,NOS,23.03
S859,2,Months,07-03-19,ITEM3,10,NOS,23.03
S859,2,Months,07-03-19,ITEM3,132,NOS,23.03
81587,26,Weeks,18-04-19,ITEM3,1800,NOS,24.37
3637,4,Weeks,18-04-19,ITEM3,173,NOS,1323
81641,2,Weeks,18-04-19,ITEM3,2212,NOS,17.75
81641,6,Weeks,10-05-19,ITEM3,15,NOS,20.58
T226,5,Months,13-05-19,ITEM3,5770,NOS,1225
T226,5,Months,14-05-19,ITEM3,5770,NOS,1225
T221,4,Months,18-06-19,ITEM3,39,NOS,1587
Y634,20,Weeks,10-07-19,ITEM3,858,NOS,1
3747,3,Months,03-09-19,ITEM3,39,NOS,1590
T221,15,Weeks,12-09-19,ITEM3,4,NOS,1991
S265,10,Weeks,04-10-19,ITEM3,632,NOS,1500
C209,3,Months,08-11-19,ITEM3,165,NOS,1470
M057,3,Weeks,20-11-19,ITEM3,6,NOS,1920
D111,2,Weeks,30-11-19,ITEM3,14,NOS,1838
P315,3,Weeks,14-12-19,ITEM3,29,NOS,2895
G125,16,Weeks,19-12-19,ITEM3,187,NOS,1471
Y634,2,Months,19-02-20,ITEM3,192,Nos,1
C209,9,Weeks,22-04-20,ITEM3,445,NOS,1350
C209,10,Weeks,17-07-20,ITEM3,5,NOS,1404
Y634,14,Weeks,22-09-20,ITEM3,377,NOS.,1
G125,4,Weeks,23-09-20,ITEM3,97,NOS,1309
G125,8,Weeks,24-12-20,ITEM3,123,NOS,1417
S265,6,Weeks,08-06-21,ITEM3,182,NOS,1800
F130,0,Years,,ITEM3,819,NOS,575
T040A,6,Weeks,,ITEM3,184,NOS,1080
E009,2,Months,,ITEM3,10,NOS,1
E188,5,Months,,ITEM3,0,NOS,1156.4
E188,5,Months,,ITEM3,0,NOS,1156.4
M057,5,Months,,ITEM3,16,NOS,1123
M057,5,Months,,ITEM3,16,NOS,1123
T040,1,Days,,ITEM3,525,NOS,945
E009,0,Years,03-05-00,ITEM5,2,NOS,4
T040,0,Years,21-08-01,ITEM5,100,NOS,185
T040,0,Years,20-11-01,ITEM5,82,NOS,160
F130,0,Years,11-04-02,ITEM5,255,NOS,160
T040,0,Years,29-05-02,ITEM5,340,NOS,160
T040,0,Years,07-10-02,ITEM5,269,NOS,170
G125,0,Years,16-10-02,ITEM5,102,NOS,150
T040,0,Years,20-12-02,ITEM5,40,NOS,170
T040,0,Years,08-01-03,ITEM5,147,NOS,160
T040,3,Weeks,06-03-03,ITEM5,124,NOS,160
S265,12,Weeks,01-07-03,ITEM5,66,NOS,155
T040,6,Weeks,04-07-03,ITEM5,24,NOS,170
S265,6,Months,02-09-03,ITEM5,342,NOS,140
D111,3,Months,16-09-03,ITEM5,61,NOS,160
S265,4,Months,03-11-03,ITEM5,57,NOS,140
T040,4,Months,03-11-03,ITEM5,27,NOS,135
S265,6,Months,05-11-03,ITEM5,73,NOS,149
S265,6,Months,17-11-03,ITEM5,26,NOS,149
S265,8,Weeks,28-11-03,ITEM5,56,NOS,160
T040,3,Months,01-01-04,ITEM5,50,NOS,160
S265,8,Weeks,16-01-04,ITEM5,14,NOS,160
S265,6,Months,16-01-04,ITEM5,156,NOS,140
S265,4,Months,21-01-04,ITEM5,14,NOS,139.3
T040,12,Weeks,15-03-04,ITEM5,47,NOS,180
T040,6,Weeks,19-03-04,ITEM5,24,NOS,275
T040,12,Weeks,02-04-04,ITEM5,35,NOS,243
T040,3,Months,21-04-04,ITEM5,9,NOS,245
T040,12,Weeks,21-05-04,ITEM5,71,NOS,240
T040,12,Weeks,21-05-04,ITEM5,59,NOS,240
T040A,3,Months,26-05-04,ITEM5,12,NOS,230
A225,6,Weeks,25-06-04,ITEM5,14,NOS,260
T040,3,Months,23-07-04,ITEM5,12,NOS,255
T040,9,Weeks,11-08-04,ITEM5,17,NOS,356.4
~5121,4,Months,01-09-04,ITEM5,100,NOS,2.9
T040,2,Months,02-09-04,ITEM5,1,NOS,350
T040,9,Weeks,15-09-04,ITEM5,34,NOS,260
~5121,6,Weeks,30-09-04,ITEM5,20,NOS,4.3
T040,1,Weeks,01-10-04,ITEM5,4,NOS,300
P686,4,Weeks,06-10-04,ITEM5,18,NOS,3.95
T040,3,Months,05-11-04,ITEM5,290,NOS,230
T040,2,Months,07-12-04,ITEM5,22,NOS,240
T040,9,Weeks,07-12-04,ITEM5,25,NOS,270
P686,44,Days,08-01-05,ITEM5,8,NOS,5.08
T040,12,Weeks,19-01-05,ITEM5,7,NOS,290
T040,16,Weeks,27-01-05,ITEM5,3,NOS,240
T040A,3,Months,28-01-05,ITEM5,24,NOS,240
T040,8,Weeks,31-01-05,ITEM5,13,NOS,300
T040,8,Weeks,19-02-05,ITEM5,40,NOS,300
T040,14,Weeks,28-02-05,ITEM5,10,NOS,300
T040,9,Weeks,11-03-05,ITEM5,65,NOS,240
T040,6,Weeks,22-03-05,ITEM5,5,NOS,300
T019,4,Months,15-04-05,ITEM5,0,NOS,900
T040,10,Weeks,19-04-05,ITEM5,42,NOS,350
T040,1,Months,10-05-05,ITEM5,6,NOS,500
T040,4,Months,06-06-05,ITEM5,305,NOS,375
T040,10,Weeks,17-06-05,ITEM5,8,NOS,350
T040,4,Weeks,14-07-05,ITEM5,7,NOS,350
T040,1,Months,26-07-05,ITEM5,19,NOS,240
G125,9,Weeks,31-08-05,ITEM5,105,NOS,350
T040,3,Months,05-09-05,ITEM5,287,NOS,300
T040,3,Weeks,06-10-05,ITEM5,11,NOS,400
T040,8,Weeks,09-11-05,ITEM5,3,NOS,450
E009,5,Months,15-12-05,ITEM5,403,NOS,400
T040,3,Months,17-02-06,ITEM5,211,NOS,300
M057,4,Months,27-03-06,ITEM5,2,NOS,422.4
E009,4,Months,03-05-06,ITEM5,62,NOS,450
P686,14,Weeks,25-08-06,ITEM5,72,NOS,3.57
S265,6,Months,28-09-06,ITEM5,820,NOS,275
S265,5,Months,13-11-06,ITEM5,116,NOS,260
S265,3,Months,08-05-07,ITEM5,4,NOS,350
T040,16,Weeks,19-06-07,ITEM5,47,NOS,375
T040,6,Months,27-06-07,ITEM5,81,NOS,250
S265,5,Months,10-07-07,ITEM5,41,NOS,260
S265,3,Months,07-09-07,ITEM5,40,NOS,290
S265,3,Months,08-09-07,ITEM5,115,NOS,270
T040,6,Months,27-10-07,ITEM5,10,NOS,250
S265,3,Months,10-01-08,ITEM5,76,NOS,300
S046,3,Months,11-01-08,ITEM5,14,NOS,249
M057,3,Months,16-01-08,ITEM5,4,NOS,459
T040,2,Months,23-01-08,ITEM5,3,NOS,600
S046,5,Months,11-04-08,ITEM5,357,NOS,275
T040,5,Months,11-04-08,ITEM5,15,NOS,300
S046,4,Months,01-05-08,ITEM5,19,NOS,248
T040,6,Weeks,07-06-08,ITEM5,48,NOS,400
S265,3,Months,19-06-08,ITEM5,131,NOS,300
S046,3,Months,19-06-08,ITEM5,116,NOS,312
T040,6,Months,24-06-08,ITEM5,820,NOS,258.7
P275,4,Months,02-07-08,ITEM5,1,NOS,249
T040,4,Weeks,10-07-08,ITEM5,4,NOS,400
S265,3,Months,31-07-08,ITEM5,118,NOS,305
S265,4,Months,19-08-08,ITEM5,86,NOS,320
T040,4,Weeks,25-08-08,ITEM5,23,NOS,325
S265,3,Months,05-09-08,ITEM5,20,NOS,300
A225,4,Months,13-09-08,ITEM5,2,NOS,450
T040,4,Months,17-09-08,ITEM5,180,NOS,300
A225,12,Weeks,03-10-08,ITEM5,3,NOS,360
T040,4,Months,22-10-08,ITEM5,120,NOS,325
T040,3,Months,31-10-08,ITEM5,5,NOS,375
T040,5,Months,15-11-08,ITEM5,51,NOS,280
P686,2,Months,20-11-08,ITEM5,16,NOS,6.57
T040,4,Weeks,05-12-08,ITEM5,4,NOS,450
T040,3,Months,05-01-09,ITEM5,120,NOS,325
T040,3,Months,20-01-09,ITEM5,21,NOS,350
T040,2,Weeks,31-01-09,ITEM5,18,NOS,350
T040,8,Weeks,03-02-09,ITEM5,2,NOS,350
S265,8,Weeks,10-02-09,ITEM5,7,NOS,340
T040A,6,Weeks,21-02-09,ITEM5,33,NOS,275
T040,4,Months,27-02-09,ITEM5,303,NOS,275
T040,5,Months,02-03-09,ITEM5,3,NOS,280
T040,47,Months,05-03-09,ITEM5,35,NOS,275
S046,6,Months,13-03-09,ITEM5,7,NOS,220
T040,3,Months,27-03-09,ITEM5,13,NOS,287
S046,3,Months,06-04-09,ITEM5,80,NOS,241
S046,4,Months,07-04-09,ITEM5,143,NOS,216
M057,12,Weeks,07-05-09,ITEM5,6,NOS,417
T040,5,Months,08-05-09,ITEM5,42,NOS,250
S046,3,Weeks,19-05-09,ITEM5,49,NOS,229
S046,3,Months,22-05-09,ITEM5,12,NOS,226
S046,4,Months,04-06-09,ITEM5,34,NOS,220
A225,2,Weeks,24-06-09,ITEM5,6,NOS,422
I594,2,Months,06-07-09,ITEM5,144,NOS,4
S046,3,Months,10-07-09,ITEM5,33,NOS,234
T040,12,Weeks,10-07-09,ITEM5,19,NOS,400
A225,6,Weeks,23-07-09,ITEM5,24,NOS,350
S046,12,Weeks,04-08-09,ITEM5,1007,NOS,198.37
S046,4,Months,07-08-09,ITEM5,161,NOS,230
S265,3,Weeks,21-08-09,ITEM5,1,NOS,325
T040,5,Months,24-08-09,ITEM5,42,NOS,250
S046,3,Months,30-09-09,ITEM5,41,NOS,256
T040,4,Months,22-10-09,ITEM5,38,NOS,350
S046,2,Months,23-10-09,ITEM5,31,NOS,257
T040A,6,Weeks,03-11-09,ITEM5,33,NOS,275
S046,3,Months,27-11-09,ITEM5,330,NOS,203.4
S265,5,Weeks,18-12-09,ITEM5,6,NOS,340
S046,5,Months,19-12-09,ITEM5,10,NOS,246
C209,3,Weeks,23-12-09,ITEM5,25,NOS,551
M057,2,Weeks,23-01-10,ITEM5,13,NOS,375
M057,2,Weeks,25-01-10,ITEM5,1,NOS,417
T040,5,Months,25-01-10,ITEM5,51,NOS,280
S046,3,Months,27-01-10,ITEM5,10,NOS,241
S046,4,Months,28-01-10,ITEM5,14,NOS,249
S265,4,Weeks,12-03-10,ITEM5,37,NOS,285
S046,3,Months,19-03-10,ITEM5,46,NOS,227
S046,11,Weeks,22-03-10,ITEM5,26,NOS,246
S046,15,Weeks,26-03-10,ITEM5,29,NOS,226
T040,4,Months,26-03-10,ITEM5,15,NOS,350
S046,2,Months,17-05-10,ITEM5,37,NOS,256
T040,2,Months,18-05-10,ITEM5,114,NOS,255
T040,2,Months,21-05-10,ITEM5,63,NOS,275
T040,4,Months,07-06-10,ITEM5,17,NOS,275
S046,5,Months,02-07-10,ITEM5,10,NOS,156
T221,1,Weeks,02-08-10,ITEM5,0,NOS,356
S046,4,Months,06-08-10,ITEM5,54,NOS,180
S265,5,Months,10-08-10,ITEM5,390,NOS,220
T226,10,Weeks,22-11-10,ITEM5,4,NOS,250
S046,6,Months,11-02-11,ITEM5,75,NOS,222
T040,6,Months,18-02-11,ITEM5,59,NOS,265
S046,4,Months,28-02-11,ITEM5,198,NOS,198
T226,4,Months,16-03-11,ITEM5,6,NOS,250
S046,4,Months,07-04-11,ITEM5,29,NOS,173
T226,6,Weeks,21-04-11,ITEM5,25,NOS,250
T226,5,Months,03-05-11,ITEM5,40,NOS,250
T221,0,Months,17-05-11,ITEM5,0,NOS,328
H644,2,Months,18-05-11,ITEM5,10,NOS,5.42
T226,5,Months,01-06-11,ITEM5,216,NOS,250
T040,8,Weeks,07-06-11,ITEM5,5,NOS,700
M057,10,Days,04-07-11,ITEM5,1,NOS,376
S046,6,Months,06-07-11,ITEM5,75,NOS,222
M057,4,Weeks,26-07-11,ITEM5,2,NOS,414
H644,3,Months,03-08-11,ITEM5,3,NOS,6.69
T226,16,Weeks,08-08-11,ITEM5,128,NOS,250
T226,6,Months,15-09-11,ITEM5,14,NOS,275
T040,3,Months,26-09-11,ITEM5,263,NOS,270
T226,0,Days,13-10-11,ITEM5,0,NOS,250
D111,4,Months,25-10-11,ITEM5,21,NOS,286
I594,12,Weeks,04-11-11,ITEM5,146,NOS,4
T221,4,Weeks,07-11-11,ITEM5,51,NOS,282
D111,4,Months,17-11-11,ITEM5,87,NOS,302
M057,4,Months,21-12-11,ITEM5,52,NOS,175
G125,5,Weeks,25-01-12,ITEM5,3,NOS,760
T221,4,Months,25-01-12,ITEM5,16,NOS,314
M057,4,Months,06-02-12,ITEM5,52,NOS,175
T221,3,Months,27-02-12,ITEM5,26,NOS,301
T040,3,Months,07-03-12,ITEM5,10,NOS,290
I594,12,Weeks,21-03-12,ITEM5,1,NOS,4.7
S265,16,Weeks,30-03-12,ITEM5,28,NOS,325
T040,5,Months,03-04-12,ITEM5,160,NOS,260
T221,0,Months,18-04-12,ITEM5,0,NOS,276
T040,3,Months,02-05-12,ITEM5,30,NOS,290
T226,5,Months,16-05-12,ITEM5,188,NOS,350
T226,8,Weeks,06-06-12,ITEM5,20,NOS,500
T040,3,Months,13-07-12,ITEM5,31,NOS,250
T040,3,Months,09-08-12,ITEM5,10,NOS,290
T226,2,Months,30-08-12,ITEM5,3,NOS,375
T040,5,Months,07-09-12,ITEM5,114,NOS,260
S265,14,Weeks,29-10-12,ITEM5,27,NOS,310
S265,4,Months,24-11-12,ITEM5,928,NOS,275
S265,10,Weeks,16-01-13,ITEM5,33,NOS,300
T226,10,Weeks,13-02-13,ITEM5,62,NOS,250
S265,3,Months,15-02-13,ITEM5,81,NOS,300
T040,6,Months,26-02-13,ITEM5,329,NOS,265
S102,3,Months,05-03-13,ITEM5,12,NOS,450
T040,10,Weeks,12-04-13,ITEM5,11,NOS,350
S102,6,Weeks,18-04-13,ITEM5,30,NOS,400
S265,3,Months,22-04-13,ITEM5,19,NOS,300
T221,3,Months,19-06-13,ITEM5,22,NOS,365
T221,20,Weeks,20-06-13,ITEM5,3,NOS,295
T040,10,Weeks,21-06-13,ITEM5,4,NOS,325
S102,3,Weeks,28-06-13,ITEM5,16,NOS,425
T221,10,Weeks,08-08-13,ITEM5,51,NOS,265
S265,3,Months,08-08-13,ITEM5,21,NOS,300
S265,4,Months,04-09-13,ITEM5,97,NOS,265
C209,12,Weeks,06-09-13,ITEM5,129,NOS,255
C209,3,Weeks,10-09-13,ITEM5,3,NOS,345
S265,8,Weeks,20-09-13,ITEM5,4,NOS,280
C209,10,Weeks,26-09-13,ITEM5,42,NOS,274
C209,15,Days,21-10-13,ITEM5,24,NOS,400
S265,8,Weeks,14-11-13,ITEM5,13,NOS,325
C209,4,Months,31-12-13,ITEM5,421,NOS,272
T221,3,Months,01-01-14,ITEM5,8,NOS,365
S265,4,Months,03-01-14,ITEM5,190,NOS,260
P315,2,Months,07-05-14,ITEM5,35,NOS,325
C209,3,Months,26-05-14,ITEM5,258,NOS,255
C209,3,Months,23-06-14,ITEM5,150,NOS,272
C209,5,Months,21-08-14,ITEM5,32,NOS,322
C209,2,Weeks,18-09-14,ITEM5,15,NOS,550
C209,1,Weeks,08-10-14,ITEM5,4,NOS,307.2
C209,3,Months,17-10-14,ITEM5,661,NOS,272
C209,4,Months,07-11-14,ITEM5,146,NOS,282
M057,4,Weeks,05-12-14,ITEM5,1,NOS,413
M057,10,Days,29-12-14,ITEM5,12,NOS,413
C209,3,Months,03-01-15,ITEM5,258,NOS,255
C209,2,Weeks,06-01-15,ITEM5,50,NOS,892
C209,4,Months,06-02-15,ITEM5,49,NOS,282
C209,3,Months,16-03-15,ITEM5,178,NOS,272
S265,4,Months,31-03-15,ITEM5,12,NOS,350
P315,4,Months,31-03-15,ITEM5,2,NOS,343.72
S265,5,Months,08-04-15,ITEM5,18,NOS,335
C209,60,Days,24-06-15,ITEM5,38,NOS,330
C209,2,Months,03-08-15,ITEM5,47,NOS,290
C209,3,Months,12-08-15,ITEM5,36,NOS,330
C209,60,Days,21-08-15,ITEM5,38,NOS,330
C209,60,Days,27-08-15,ITEM5,26,NOS,330
C209,8,Weeks,10-09-15,ITEM5,89,NOS,330
C209,2,Months,10-09-15,ITEM5,47,NOS,290
~0985,5,Months,06-11-15,ITEM5,17,NOS,355
D111,3,Months,24-11-15,ITEM5,44,NOS,275.73
T221,6,Weeks,16-12-15,ITEM5,16,NOS,321
~0985,5,Months,31-12-15,ITEM5,17,NOS,355
C209,3,Months,05-01-16,ITEM5,29,NOS,290
C209,8,Weeks,11-01-16,ITEM5,15,NOS,370
P325,2,Months,30-01-16,ITEM5,102,NOS,310
Y634,1,Months,02-02-16,ITEM5,63,NOS,4.89
P315,6,Weeks,11-02-16,ITEM5,1,NOS,375
C209,4,Months,11-02-16,ITEM5,52,NOS,340
D111,3,Months,29-02-16,ITEM5,2,NOS,275.73
C209,7,Weeks,26-03-16,ITEM5,39,NOS,290
P315,2,Months,26-03-16,ITEM5,55,NOS,399
C209,6,Weeks,25-04-16,ITEM5,8,NOS,280
A225,4,Months,03-05-16,ITEM5,45,NOS,280
C209,5,Months,04-05-16,ITEM5,51,NOS,340
Y634,30,Days,25-05-16,ITEM5,6,NOS,3.76
C209,4,Months,24-06-16,ITEM5,233,NOS,280
C209,6,Weeks,05-07-16,ITEM5,6,NOS,290
T221,2,Months,07-07-16,ITEM5,14,NOS,319
C209,2,Months,09-07-16,ITEM5,75,NOS,280
C209,8,Weeks,21-07-16,ITEM5,6,NOS,330
M057,8,Weeks,21-07-16,ITEM5,6,NOS,330
P325,2,Months,28-07-16,ITEM5,171,NOS,295
C209,6,Weeks,23-08-16,ITEM5,66,NOS,290
C209,3,Months,02-09-16,ITEM5,10,NOS,310
C209,5,Weeks,10-09-16,ITEM5,45,NOS,270
C209,6,Weeks,28-09-16,ITEM5,3,NOS,290
C209,3,Months,30-09-16,ITEM5,26,NOS,280
C209,4,Months,07-11-16,ITEM5,321,NOS,270
Y634,22,Weeks,23-11-16,ITEM5,45,NOS,1
M057,20,Days,02-12-16,ITEM5,6,NOS,330
K218,2,Months,16-12-16,ITEM5,3,NOS,300
C209,3,Months,21-12-16,ITEM5,26,NOS,280
C209,4,Months,22-12-16,ITEM5,70,NOS,280
S265,10,Weeks,31-01-17,ITEM5,6,NOS,300
S265,2,Months,09-02-17,ITEM5,168,NOS,320
3637,3,Weeks,15-02-17,ITEM5,4,NOS,278
80293,5,Months,06-03-17,ITEM5,21,NOS,320
S265,45,Days,08-03-17,ITEM5,56,NOS,310
P325,45,Days,08-03-17,ITEM5,14,NOS,332.48
P315,7,Weeks,10-03-17,ITEM5,2,NOS,595
P315,7,Weeks,10-03-17,ITEM5,2,NOS,595
P315,7,Weeks,10-03-17,ITEM5,2,NOS,595
T221,3,Months,02-05-17,ITEM5,12,NOS,292.39
3637,2,Months,11-05-17,ITEM5,36,NOS,272
C209,2,Months,10-06-17,ITEM5,76,NOS,320
3637,24,Weeks,16-06-17,ITEM5,5,NOS,276
3637,24,Weeks,16-06-17,ITEM5,24,NOS,276
3637,24,Weeks,16-06-17,ITEM5,28,NOS,276
3637,3,Months,30-06-17,ITEM5,73,NOS,270.66
3637,2,Months,30-06-17,ITEM5,7,NOS,291
Y634,2,Months,30-06-17,ITEM5,292,NOS,3.762
T226,24,Weeks,24-07-17,ITEM5,116,NOS,349
3637,4,Months,13-09-17,ITEM5,104,NOS,290
Y634,3,Months,14-09-17,ITEM5,93,NOS,3.76
Y634,4,Weeks,15-09-17,ITEM5,11,NOS,3.76
Y634,4,Weeks,15-09-17,ITEM5,16,NOS,3.76
Y634,4,Weeks,15-09-17,ITEM5,28,NOS,3.76
80293,10,Weeks,20-09-17,ITEM5,30,NOS,320
3637,24,Weeks,15-12-17,ITEM5,42,NOS,305
3637,24,Weeks,15-12-17,ITEM5,210,NOS,292
3637,24,Weeks,29-12-17,ITEM5,7,NOS,305
3637,24,Weeks,04-01-18,ITEM5,56,NOS,305
S265,24,Weeks,05-01-18,ITEM5,96,NOS,325
3637,24,Weeks,05-01-18,ITEM5,24,NOS,301.36
S265,16,Weeks,10-01-18,ITEM5,26,NOS,325
3637,6,Months,11-01-18,ITEM5,10,NOS,293.76
S265,2,Months,19-01-18,ITEM5,39,NOS,345
C209,45,Days,30-01-18,ITEM5,3,NOS,440
S265,20,Weeks,27-02-18,ITEM5,204,NOS,300
S265,24,Weeks,28-02-18,ITEM5,280,NOS,300
F190,20,Weeks,20-03-18,ITEM5,23,NOS,260
F190,20,Weeks,20-03-18,ITEM5,91,NOS,260
F190,20,Weeks,20-03-18,ITEM5,99,NOS,260
S265,6,Weeks,23-03-18,ITEM5,12,NOS,475
S265,4,Months,23-03-18,ITEM5,128,NOS,325
J614,24,Weeks,23-03-18,ITEM5,672,NOS,4.76
J614,24,Weeks,23-03-18,ITEM5,672,NOS,4.76
3637,4,Months,06-04-18,ITEM5,24,NOS,290.54
G125,4,Months,07-04-18,ITEM5,58,NOS,415.15
D111,15,Weeks,26-04-18,ITEM5,35,NOS,293
G125,10,Weeks,30-04-18,ITEM5,296,NOS,416
3637,6,Weeks,11-05-18,ITEM5,13,NOS,339
S265,85,Days,18-05-18,ITEM5,8,NOS,325
S265,11,Weeks,28-06-18,ITEM5,84,NOS,345
S265,11,Weeks,29-06-18,ITEM5,46,NOS,345
S265,11,Weeks,29-06-18,ITEM5,7,NOS,345
S265,11,Weeks,29-06-18,ITEM5,41,NOS,345
S265,5,Months,06-07-18,ITEM5,750,NOS,325
S265,11,Weeks,13-07-18,ITEM5,142,NOS,325
S265,6,Weeks,26-07-18,ITEM5,8,NOS,375
S265,6,Weeks,02-08-18,ITEM5,8,NOS,375
Y634,6,Months,13-09-18,ITEM5,3,NOS,7.38
C209,3,Months,26-09-18,ITEM5,234,NOS,400
S265,5,Months,31-10-18,ITEM5,93,NOS,425
3637,6,Weeks,27-12-18,ITEM5,53,NOS,499
3637,12,Weeks,28-12-18,ITEM5,49,NOS,559
3637,12,Weeks,28-12-18,ITEM5,44,NOS,559
3637,12,Weeks,28-12-18,ITEM5,25,NOS,559
3637,12,Weeks,28-12-18,ITEM5,86,NOS,559
3637,12,Weeks,28-12-18,ITEM5,9,NOS,559
G125,10,Weeks,15-02-19,ITEM5,53,NOS,756
S859,2,Months,07-03-19,ITEM5,39,NOS,8.5
Y634,24,Weeks,28-03-19,ITEM5,2833,NOS,1
81587,26,Weeks,18-04-19,ITEM5,270,NOS,10.67
3637,4,Weeks,18-04-19,ITEM5,37,NOS,374
81641,2,Weeks,18-04-19,ITEM5,154,NOS,4.57
81641,6,Weeks,10-05-19,ITEM5,25,NOS,5.2
Y634,20,Weeks,10-07-19,ITEM5,386,NOS,1
3747,3,Months,03-09-19,ITEM5,1,NOS,445.053
S265,10,Weeks,04-10-19,ITEM5,405,NOS,425
3747,6,Weeks,18-10-19,ITEM5,8,NOS,450
3747,2,Weeks,22-10-19,ITEM5,76,NOS,425
T221,3,Months,05-11-19,ITEM5,121,NOS,388
P315,13,Weeks,30-11-19,ITEM5,230,NOS,1550
K218,2,Weeks,30-11-19,ITEM5,7,NOS,1500
P315,3,Weeks,14-12-19,ITEM5,176,NOS,1390
D111,16,Weeks,18-12-19,ITEM5,60,NOS,435
Y634,6,Months,21-01-20,ITEM5,3,NOS,7.38
Y634,2,Months,19-02-20,ITEM5,146,Nos,1
C209,9,Weeks,22-04-20,ITEM5,113,NOS,400
S265,10,Weeks,17-07-20,ITEM5,20,NOS,450
M057,4,Weeks,25-08-20,ITEM5,12,NOS,531
Y634,14,Weeks,22-09-20,ITEM5,279,NOS.,1
M057,4,Weeks,25-09-20,ITEM5,13,NOS,473.8
S265,10,Weeks,24-12-20,ITEM5,169,NOS,410
M057,16,Weeks,25-01-21,ITEM5,5,NOS,1
S265,8,Weeks,25-03-21,ITEM5,21,NOS,440
C209,4,Weeks,08-06-21,ITEM5,88,NOS,459
Y634,10,Weeks,08-07-21,ITEM5,51,NOS,1
S265,6,Weeks,17-07-21,ITEM5,3,NOS,475
C209,6,Weeks,17-08-21,ITEM5,12,NOS,1
E009,2,Months,,ITEM5,1,NOS,1
T040A,6,Weeks,,ITEM5,33,NOS,275
T040,0,Years,,ITEM5,269,NOS,170
T040,1,Days,,ITEM5,91,NOS,280
